-- phpMyAdmin SQL Dump
-- version 5.1.0
-- https://www.phpmyadmin.net/
--
-- Host: 31.11.39.239:3306
-- Creato il: Ott 06, 2025 alle 15:28
-- Versione del server: 8.0.42-33
-- Versione PHP: 8.0.7

SET SQL_MODE = "NO_AUTO_VALUE_ON_ZERO";
START TRANSACTION;
SET time_zone = "+00:00";


/*!40101 SET @OLD_CHARACTER_SET_CLIENT=@@CHARACTER_SET_CLIENT */;
/*!40101 SET @OLD_CHARACTER_SET_RESULTS=@@CHARACTER_SET_RESULTS */;
/*!40101 SET @OLD_COLLATION_CONNECTION=@@COLLATION_CONNECTION */;
/*!40101 SET NAMES utf8mb4 */;

--
-- Database: `Sql1882760_2`
--

-- --------------------------------------------------------

--
-- Struttura della tabella `brands`
--

CREATE TABLE `brands` (
  `id` int NOT NULL,
  `brand` varchar(100) COLLATE utf8mb4_general_ci NOT NULL,
  `created_at` timestamp NOT NULL DEFAULT CURRENT_TIMESTAMP,
  `address_1` varchar(255) COLLATE utf8mb4_general_ci DEFAULT NULL,
  `address_2` varchar(255) COLLATE utf8mb4_general_ci DEFAULT NULL,
  `telephone` varchar(50) COLLATE utf8mb4_general_ci DEFAULT NULL,
  `mobile` varchar(50) COLLATE utf8mb4_general_ci DEFAULT NULL,
  `agent` varchar(255) COLLATE utf8mb4_general_ci DEFAULT NULL,
  `email` varchar(255) COLLATE utf8mb4_general_ci DEFAULT NULL,
  `pec` varchar(255) COLLATE utf8mb4_general_ci DEFAULT NULL,
  `vat` varchar(255) COLLATE utf8mb4_general_ci DEFAULT NULL,
  `iban` varchar(255) COLLATE utf8mb4_general_ci DEFAULT NULL,
  `sdi` varchar(255) COLLATE utf8mb4_general_ci DEFAULT NULL,
  `payment` varchar(255) COLLATE utf8mb4_general_ci DEFAULT NULL
) ENGINE=InnoDB DEFAULT CHARSET=utf8mb4 COLLATE=utf8mb4_general_ci;

--
-- Dump dei dati per la tabella `brands`
--

INSERT INTO `brands` (`id`, `brand`, `created_at`, `address_1`, `address_2`, `telephone`, `mobile`, `agent`, `email`, `pec`, `vat`, `iban`, `sdi`, `payment`) VALUES
(1, 'A Ricchigia', '2025-08-15 18:03:58', 'Via C. De Luca, 115', '95034 - Bronte (CT)', '095 7723326', '', 'Diretto ', 'aricchigia@gmail.com', '', '05279070485', '', '', 'Bonifico Anticipato'),
(2, 'Acetai Giusti', '2025-08-15 18:03:58', NULL, NULL, NULL, NULL, NULL, NULL, NULL, NULL, NULL, NULL, NULL),
(3, 'Amari', '2025-08-15 18:03:58', NULL, NULL, NULL, NULL, NULL, NULL, NULL, NULL, NULL, NULL, NULL),
(4, 'Antica Torroneria Piemontese', '2025-08-15 18:03:58', NULL, NULL, NULL, NULL, NULL, NULL, NULL, NULL, NULL, NULL, NULL),
(5, 'Apicoltura Rossi', '2025-08-15 18:03:58', NULL, NULL, NULL, NULL, NULL, NULL, NULL, NULL, NULL, NULL, NULL),
(6, 'Baratti & Milano', '2025-08-15 18:03:58', NULL, NULL, NULL, NULL, NULL, NULL, NULL, NULL, NULL, NULL, NULL),
(7, 'Brandi', '2025-08-15 18:03:58', NULL, NULL, NULL, NULL, NULL, NULL, NULL, NULL, NULL, NULL, NULL),
(8, 'Filotea', '2025-08-15 18:03:58', NULL, NULL, NULL, NULL, NULL, NULL, NULL, NULL, NULL, NULL, NULL),
(9, 'Gemignani Tartufi', '2025-08-15 18:03:58', NULL, NULL, NULL, NULL, NULL, NULL, NULL, NULL, NULL, NULL, NULL),
(10, 'Iasa', '2025-08-15 18:03:58', NULL, NULL, NULL, NULL, NULL, NULL, NULL, NULL, NULL, NULL, NULL),
(11, 'La Dispensa Toscana', '2025-08-15 18:03:58', NULL, NULL, NULL, NULL, NULL, NULL, NULL, NULL, NULL, NULL, NULL),
(12, 'Le Logge', '2025-08-15 18:03:58', NULL, NULL, NULL, NULL, NULL, NULL, NULL, NULL, NULL, NULL, NULL),
(13, 'Mengazzoli', '2025-08-15 18:03:58', NULL, NULL, NULL, NULL, NULL, NULL, NULL, NULL, NULL, NULL, NULL),
(14, 'Michele Portoghese', '2025-08-15 18:03:58', NULL, NULL, NULL, NULL, NULL, NULL, NULL, NULL, NULL, NULL, NULL),
(15, 'Quaranta', '2025-08-15 18:03:58', NULL, NULL, NULL, NULL, NULL, NULL, NULL, NULL, NULL, NULL, NULL),
(16, 'Sfizio', '2025-08-15 18:03:58', NULL, NULL, NULL, NULL, NULL, NULL, NULL, NULL, NULL, NULL, NULL);

-- --------------------------------------------------------

--
-- Struttura della tabella `categories`
--

CREATE TABLE `categories` (
  `id` int NOT NULL,
  `name` varchar(100) NOT NULL
) ENGINE=InnoDB DEFAULT CHARSET=latin1;

--
-- Dump dei dati per la tabella `categories`
--

INSERT INTO `categories` (`id`, `name`) VALUES
(11, 'Aceto'),
(2, 'Aceto Balsamico'),
(22, 'Aceto di Vino'),
(25, 'Alcolici'),
(44, 'Bianco'),
(4, 'Biscotti'),
(51, 'Cacao'),
(43, 'Caffè'),
(47, 'Caramelle'),
(50, 'Caramello'),
(66, 'Carne Manzo'),
(26, 'Cioccolata'),
(32, 'Cioccolatini'),
(59, 'Composta'),
(23, 'Condimento'),
(60, 'Confetture'),
(12, 'Conserve'),
(52, 'Crema'),
(21, 'Crema di Aceto Balsamico'),
(16, 'Creme'),
(6, 'Creme dolci'),
(33, 'Cremino'),
(27, 'Croccanti'),
(15, 'Dolci'),
(35, 'Extra Fondente'),
(36, 'Fondente'),
(58, 'Formaggio'),
(48, 'Frutta'),
(62, 'Frutta Candita'),
(18, 'Funghi'),
(49, 'Gelatine'),
(39, 'Gianduja'),
(41, 'Grappe'),
(38, 'Latte'),
(34, 'Limoncello'),
(42, 'Liquore'),
(45, 'Mandorle'),
(61, 'Marmellata'),
(46, 'Miele'),
(64, 'Mostarde'),
(40, 'Nocciole'),
(53, 'Olio'),
(5, 'Olio Extra Vergine d’Oliva'),
(63, 'Panforte'),
(28, 'Pasta'),
(29, 'Pasta all\'uovo'),
(57, 'Pasta Corta'),
(30, 'Pasta Lunga'),
(1, 'Pasticceria'),
(54, 'Peperoncino'),
(55, 'Piccante'),
(13, 'Pistacchio'),
(65, 'Pomodori Secchi'),
(67, 'Pomodoro'),
(24, 'Porcini'),
(31, 'Prodotto Ittico'),
(37, 'Rum'),
(14, 'Salse'),
(17, 'Spalmabili'),
(56, 'Spezie'),
(3, 'Sughi'),
(19, 'Tartufo'),
(20, 'Torrone');

-- --------------------------------------------------------

--
-- Struttura della tabella `contact_details`
--

CREATE TABLE `contact_details` (
  `id` int NOT NULL,
  `name` varchar(255) COLLATE utf8mb4_general_ci DEFAULT NULL,
  `telphone` varchar(255) COLLATE utf8mb4_general_ci DEFAULT NULL,
  `cell` varchar(255) COLLATE utf8mb4_general_ci DEFAULT NULL,
  `email` varchar(255) COLLATE utf8mb4_general_ci DEFAULT NULL,
  `address` text COLLATE utf8mb4_general_ci,
  `vat` varchar(50) COLLATE utf8mb4_general_ci DEFAULT NULL,
  `closure` varchar(255) COLLATE utf8mb4_general_ci DEFAULT NULL,
  `email_pec` varchar(255) COLLATE utf8mb4_general_ci DEFAULT NULL,
  `responsible` varchar(255) COLLATE utf8mb4_general_ci DEFAULT NULL,
  `sdi` varchar(255) COLLATE utf8mb4_general_ci DEFAULT NULL,
  `upload_time` varchar(50) COLLATE utf8mb4_general_ci DEFAULT NULL
) ENGINE=InnoDB DEFAULT CHARSET=utf8mb4 COLLATE=utf8mb4_general_ci;

--
-- Dump dei dati per la tabella `contact_details`
--

INSERT INTO `contact_details` (`id`, `name`, `telphone`, `cell`, `email`, `address`, `vat`, `closure`, `email_pec`, `responsible`, `sdi`, `upload_time`) VALUES
(1, 'LA BOTTEGA GOLOSA DI BIANCHI TAMARA & C. S.N.C. (Interno Mercato Centrale)', '0550541491', '3511874871', 'filippo.ciapetti@labottegagolosa.it', 'Via dell’Ariento (Interno Mercato Centrale) Firenze 50123', '05279070485', 'Orario Scarico Merce : Lun - Sab 07:00 12:00 ', 'labottegagolosa@cert.cna.it', 'Filippo Ciapetti', 'SUBM70N', '07:00 - 12:00');

-- --------------------------------------------------------

--
-- Struttura della tabella `items`
--

CREATE TABLE `items` (
  `id` int NOT NULL,
  `supplier_id` int NOT NULL,
  `name` varchar(100) NOT NULL,
  `sku` varchar(50) DEFAULT NULL,
  `brand` varchar(100) DEFAULT NULL,
  `units_per_box` varchar(100) NOT NULL,
  `image` varchar(255) DEFAULT NULL
) ENGINE=InnoDB DEFAULT CHARSET=latin1;

--
-- Dump dei dati per la tabella `items`
--

INSERT INTO `items` (`id`, `supplier_id`, `name`, `sku`, `brand`, `units_per_box`, `image`) VALUES
(1, 1, 'PARPACCIO - Condimento Alimentare Solido CLASSICO 8 x 170 gr', 'BOMN017TBAMMN00CPP-8 ', '13', '8 Pz', 'item_6830d2fdd6eb7.png'),
(4, 4, '3_Med_Champagnotta_ml250_c/astuccio', '310-A', '2', '12 Pz', '3A.webp'),
(5, 4, '1 Med Champagnotta ml250 c/Astuccio', '110-A', '2', '12 Pz', '110-A-1Medagliachampagnotta250ml_1100x.webp'),
(6, 5, 'Pesto_Pistacchio_Gr.90', '11', '1', '12 Pz', 'Pesto_di_Pistacchio_190.jpg'),
(7, 5, 'Pesto_di Pistacchio vaso Gr.190', '10', '1', '12 Pz', 'Pesto_di_Pistacchio_190.jpg'),
(8, 5, 'Crema Fusion Pistac/Crunch 190 gr', '266', '1', '12 Pz', 'Crema_Crunchy.jpg'),
(9, 6, 'Salsa Bianca La Tartufina 80gr', '', '9', '', NULL),
(10, 6, 'Salsa Classica La Tartufina 80gr', '', '9', '', NULL),
(11, 7, 'TORRONCINI IN ASTUCCIO 120g x10pz PISTACCHIO', '404886', 'Quaranta ', '10 Pz', 'Asuccio_Pistacchio.png'),
(12, 7, 'Stecche Linee Creme Frutta 100grX25pcs', '403905', 'Quaranta', '25Pz', 'Soft-nougat-bars-100g-x-25pcs-FRUIT-CREAMS-1-scaled-2.jpg'),
(13, 4, '1_Med_Champagnotta_ml100_c/Astuccio', '190-A', '2', '6 Pz', '1C.webp'),
(14, 4, '1_Med_ Cubica_ml250_c/Astuccio', '140-A', '2', '6 Pz', '1B.webp'),
(15, 4, '3_Med_Champagnotta_ml100_c/astuccio', '390-A', '2', '6 Pz', '3C.webp'),
(16, 4, '3_Med_Cubica_ml250_c/Astuccio', '340-A', '2', '6 Pz', '3B.webp'),
(17, 4, '2_Med_ Cubica_ml250_c/Astuccio', '240-A', '2', '6 Pz', '2B.webp'),
(18, 4, '2_Med_Champagnotta_ml250_c/Astuccio', '210-A', '2', '12 Pz', '2A.webp'),
(19, 4, '2_Med_Champagnotta_ml100_c/Astuccio', '290-A', '2', '6 Pz', '2C.webp'),
(20, 4, '4_Med_Champagnotta_ml250_c/Astuccio', '410-A', '2', '6 Pz', '4A.webp'),
(21, 4, '4_Med_ Cubica_ml250_c/Astuccio', '440-A', '2', '6 Pz', '4B.webp'),
(22, 4, '4_Med_Champagnotta_ml100_c/Astuccio', '490-A', '2', '6 Pz', '4C.webp'),
(23, 4, '5_Med_ Cubica_ml250_c/Astuccio', '540-A', '2', '6 Pz', '5B.webp'),
(24, 4, '5_Med_Champagnotta_ml250_c/Astuccio', '510-A', '2', '6 Pz', '5A.webp'),
(25, 4, '5_Med_Champagnotta_ml100_c/Astuccio', '590-A', '2', '6 Pz', '5C.webp'),
(26, 4, 'Aceto Balsamico Tradizionale di Modena DOP \"Affinato\"', '700A', '2', '2 Pz', 'Affinato.webp'),
(27, 4, 'Aceto Balsamico Tradizionale di Modena DOP \"Extravecchio\"', '701A', '2', '2 Pz', 'ExtraVecchio.webp'),
(28, 4, 'Giusti 100 Riserva', '888A', '2', '1 Pz', 'GG_Giusti_Riserva_100.webp'),
(29, 4, 'Giusti 50 Riserva', '887A', '2', '1 Pz', 'GG_Giusti_Riserva_50.webp'),
(30, 4, 'Agrodolce Bianco - Champagnotta 250ml', '1015', '2', '6 Pz', 'GG_Agrodolce_Champagnotta_250.webp'),
(31, 4, 'Agrodolce Bianco - Champagnotta 100ml', '790', '2', '6 Pz', 'GG_Agrodolce_Champagnotta_100.webp'),
(32, 4, 'Agrodolce Bianco - Cubica 250ml', '736', '2', '6 Pz', 'GG_Agrodolce_Cubica_250.webp'),
(33, 4, 'Condimento Agrodolce - Lampone', '', '2', '', 'GG_Condimento_Agro_Lampone.webp'),
(34, 4, 'Condimento Agrodolce - Fichi', '', '2', '', 'GG_Condimento_Agro_Fichi.webp'),
(35, 4, 'Condimento Agrodolce - Melograno', '', '2', '', 'GG_Condimento_Agro_Melograno.webp'),
(36, 4, 'Condimento Agrodolce - Mela', '', '2', '', 'GG_Condimento_Agro_Mela.webp'),
(37, 4, 'Condimento Agrodolce - Zenzero', '', '2', '', 'GG_Condimento_Agro_Zenzero.webp'),
(38, 4, 'Cond. Aceto Bals. di Modena IGP e Tartufo c/Astuccio', '880', '2', '6 Pz', 'GG_Condim_Aceto_Bals_Tartufo_100ml_C.Astuccio.webp'),
(39, 4, 'Cond. Aceto Bals. di Modena IGP e Fichi c/Astuccio', '883', '2', '6 Pz', 'GG_Condim_Aceto_Bals_Fichi_100ml_C.Astuccio.webp'),
(40, 4, 'Cond. Aceto Bals. di Modena IGP e Lampone c/Astuccio', '881', '2', '6 Pz', 'GG_Condim_Aceto_Bals_Lampone_100ml_C.Astuccio.webp'),
(41, 4, 'Saba - Mosto cotto d\'uva', '737', '2', '6 Pz', 'GG_Saba_250ml_C.Astuccio.webp'),
(42, 4, 'Aceto di Vino - Riserva 25 - CUBICA 250 ml', '749', '2', '6 Pz', 'GG_Aceto_Vino_25.webp'),
(43, 4, 'Crema a Base di Aceto Balsamico Zenzero 150 ml', '1004', '2', '6 Pz', 'crema_zenzero-1.jpg'),
(44, 4, 'Crema a Base di Aceto Balsamico Bianca 150 ml', '756', '2', '6 Pz', 'crema_bianca.jpg'),
(45, 4, 'Crema a Base di Aceto Balsamico Classica 150 ml', '751', '2', '12 Pz', 'crema_classica.jpeg'),
(46, 4, 'Crema a Base di Aceto Balsamico Fichi 150 ml', '755', '2', '6 Pz', 'Crema_Balsamici_Fichi.jpeg'),
(47, 4, 'Crema a Base di Aceto Balsamico Fragola 150 ml', '1003', '2', '6 Pz', 'crema_fragola.jpg'),
(48, 4, 'Crema a Base di Aceto Balsamico Lampone 150 ml', '757', '2', '6 Pz', 'Crema-lampone-1.jpg'),
(49, 4, 'Crema a Base di Aceto Balsamico Limone 150 ml', '752', '2', '6 Pz', 'crema_limone.jpeg'),
(50, 4, 'Crema a Base di Aceto Balsamico Vaniglia 150 ml', '758', '2', '6 Pz', 'crema_vaniglia.jpg'),
(51, 4, 'Crema a Base di Aceto Balsamico Porcini 150 ml', '1005', '2', '6 Pz', 'crema_porcini.jpeg'),
(52, 4, 'Crema a Base di Aceto Balsamico Tartufo 150 ml', '754', '2', '6 Pz', 'crema_tartufo.png'),
(53, 4, 'Crema a Base di Aceto Balsamico Melograno 150 ml', '753', '2', '6 Pz', 'crema_melograno.jpg'),
(54, 4, 'Crema a Base di Aceto Balsamico Mela 150 ml', '1001', '2', '6 Pz', 'crema_mela.webp'),
(55, 8, 'Linea Cavallotto Cantucci Mandorle', '', '16', '', 'Mandorla.jpg'),
(56, 8, 'Linea Cavallotto Cantucci Pistacchi & Mandorle', '', '16', '', 'Pistacchio.jpg'),
(57, 8, 'Linea Cavallotto Cantucci Fichi e Noci', '', '16', '', 'Fichi.Noci_.jpg'),
(58, 8, 'Linea Cavallotto Cantucci Cioccolato e Mandorle', '', '16', '', 'Cioccolato.Mandorle.jpg'),
(59, 8, 'Linea Cavallotto Cantucci Cioccolato e Limone', '', '16', '', 'Cioccolato.Limone.jpg'),
(60, 8, 'Linea Cavallotto Cantucci Cioccolato', '', '16', '', 'Cioccolato.jpg'),
(61, 8, 'Linea Cavallotto Cantucci Chiaro Scuro Mandorle', '', '16', '', 'Chiaro.S_Mandorle.jpg'),
(62, 8, 'Linea Cavallotto Cantucci Chiaro Scuro Cioccolato', '', '16', '', 'Chiaro.S_Cioccolato.jpg'),
(63, 8, 'Baci di Dama', '', '16', '', 'Baci.Dama_.jpg'),
(64, 8, 'Canestrelli', '', '16', '', 'Canestrelli.jpg'),
(65, 8, 'Frollini Caffè e Caramello', '', '16', '', 'Caffe.Caramello.jpg'),
(66, 8, 'Frollini Cioccolato e Fior di Sale', '', '16', '', 'Frollini.Sale_.jpg'),
(67, 5, 'Crema_Pistacchio_Gr.190', '000001', '1', '12 Pz', 'img_683f0d286ad90.jpg'),
(68, 5, 'Crema_Pistacchio_Gr.90', '000002', '1', '12 Pz', 'Crema.Pistacchio.190.jpg'),
(69, 5, 'Crema di Pistacchio  “Pistacchio Verde di Bronte DOP” 190gr DUCI', 'DUCI', '1', '24 Pz', 'Crema_Pistacchio_Bronte_60.jpg'),
(70, 5, 'Liquore alla Crema di Pistacchio 100ml', '487', '1', '', 'Liquore.pistacchio.100.jpg'),
(71, 5, 'Pistakì 700 ml', '243', '1', '', 'Liquore.Pistacchio.700ml.jpg'),
(72, 9, 'Friabile con Mandorle e Pistacchi 500gr', 'T0601705000', '4', '4 Pcs x Box', '14-torrone-a-blocchi_500gr.jpg'),
(73, 9, 'Torrone Friabile con Nocciole 150gr', 'T0603001500', '4', '12 Pz', 'img_683fcd204ce19.jpg'),
(74, 9, 'Torrone Friabile con Mandorle 150gr', 'T0601501500', '4', '12Pz', 'img_683fcced1cbc0.jpg'),
(75, 9, 'Torrone Friabile con Mandorle e Pistacchi 250 gr', 'T0601702500', '4', '10 Pz', 'img_683fcd06706c7.jpg'),
(76, 9, 'Torrone Morbido con Nocciole \"linea oro\" 150 gr', 'T0604301500', '4', '12 Pz', 'img_683fcd337a689.jpg'),
(77, 9, 'Torroncini misti Confezione 140 gr', 'T1605500140', '4', '10 Pz', 'img_683fccb26bc32.png'),
(78, 9, 'Tartufini Misti 7 g  Confezione 140gr', 'T1611001410', '4', '', 'tartufi-dolci-misti-conf-HD.jpg'),
(79, 9, 'Tartufini Misti 7 g  Confezione 70 gr', 'T1611000750', '4', '14 Pcs x Box', 'tartufi-dolci-misti-conf-HD.jpg'),
(80, 9, 'Tartufini Misti 7 g  Confezione 70 gr (Argento)', 'T1611000710', '4', '14 Pcs x Box', 'tartufini-dolci-misti_argento.jpg'),
(81, 9, 'Tartufini Misti 7 g  Confezione 140 gr (Argento)', 'T1611001400', '4', '', 'tartufini-dolci-misti_argento.jpg'),
(82, 9, 'Tartufini dolci misti  7 g Confezione 175 gr', 'T1605501755', '4', '6 Pcs x Box', 'Tartufini.Scatola.175gr.jpg'),
(83, 9, 'Tartufi Dolci Neri Confezione 125 gr', 'T16046OR125', '4', '', 'Tartufini.Oro_.jpg'),
(84, 7, 'Stecche Linee Creme Cioccolato 100grX25pcs', '400329', 'Quaranta', '25Pz', 'Soft-nougat-bars-100g-x-25pcs-CHOCOLATE-CREAMS-scaled-1.jpg'),
(85, 7, 'Stecche Linee Selezione 100grX25pcs', '400277', 'Quaranta', '25Pz', 'Soft-nougat-bars-100g-x-25pcs-SELECTION-scaled-1.jpg'),
(86, 7, 'Stecche Linee Tradizionale 100grX25pcs', '403906', 'Quaranta', '25Pz', 'Soft-nougat-bars-100g-x-25pcs-TRADITIONAL-scaled-1.jpg'),
(87, 7, 'Stecche Linee La Pasticceria 100grX25pcs', '403907', 'Quaranta', '25Pz', 'Soft-nougat-bars-100g-x-25pcs-PASTICCERIA-1.jpg'),
(88, 7, 'Stecche Linee Pistacchio monogusto 100grX25pcs', '', '15', '1 Pz', 'Soft-nougat-bars-100g-x-25pcs-TRADITIONAL-scaled-1.jpg'),
(89, 7, 'Mattonella Torrone Tenero Mandorla e Nocciola 135gr', '404557', 'Quaranta', '15Pz', 'Q_Mattonella_Mand.Nocc_.jpg'),
(90, 7, 'Mattonella Torrone Tenero Stracciatella 135gr', '404556', 'Quaranta', '15Pz', 'Q_Mattonella_Ciocc.Stracciatella.jpg'),
(91, 7, 'Mattonella Torrone Tenero Lamponi e Cioccolato 135gr', '404558', 'Quaranta', '15Pz', 'Q_Mattonella_Lampone_Ciocc.jpg'),
(92, 7, 'Teneri Torroncini Gusti Assortiti 900gr', '404023', '15', '3x900gr x Box', 'Torroncini_Sciolti.jpg'),
(93, 7, 'Busta Bocconcini 900g x 3pz creme frutta', '403908', 'Quaranta', '3x900gr x Box', 'Bocconcini_creme.frutta.jpg'),
(94, 7, 'Busta Bocconcini 900g x 3pz creme ciocco', '402184', 'Quaranta', '3x900gr x Box', 'Bocconcini_cioccolato.jpg'),
(95, 7, 'Bocconcini Creme Tradizionale 900gr', '404022', '15', '3x900gr x Box', 'Bocconcini_tradizionale.jpg'),
(96, 7, 'Trancio Sofficiona Incartato Mandorla 150gr x 12 Fette', '402096', '15', '1 Pz', 'Q_Trancio_ALMONDS_150gr.webp'),
(97, 7, 'Trancio Soff. Incart. Cioccolato Fondente150grx12 Fette', '404050', 'Quaranta', '12Pz', 'Q_Trancio_CIOCCOLATO_150gr.webp'),
(98, 7, 'Trancio Soff. Incart. Frutta Esotica 150grx12 Fette', '404051', 'Quaranta', '12Pz', 'Q_Trancio_EXOTIC_FRUIT_150gr.webp'),
(99, 7, 'Trancio Soff. Incart. Amaretto150gr x 12 Fette', '404052', 'Quaranta', '12Pz', 'Q_Trancio_AMARETTO_150gr.webp'),
(100, 7, 'Trancio Soff. Incart. Frutti Bosco 150gr x 12 Fette', '402029', '15', '1 Pz', 'Q_Trancio_FOREST.FRUITS_150gr.webp'),
(101, 7, 'Trancio Soff. Incart. Pistacchio 150gr x 12 Fette', '402066', '15', '1 Pz', 'Q_Trancio_Pistacchio_150gr.webp'),
(102, 7, 'Trancio Soff. Incart. Limone 150gr x 12 Fette', '404225', '15', '1 Pz', 'img_684b20ffd39ce.png'),
(103, 7, 'Trancio Soff. Incart. Caramello e Panna Francese 150grx12 Fette', '404560', 'Quaranta', '12Pz', 'img_684b20e656d2f.png'),
(104, 7, 'Croccante 54 Arachidi 50gr', '404065', '15', '24 Pcs x Display', 'Q_Croccante_Arachidi.webp'),
(105, 7, 'Croccante 54 Pistacchio 55gr', '404066', '15', '26 Pcs x Display', 'Q_Croccante_Pistacchio.png'),
(106, 7, 'Croccante 54 Sesamo 50gr', '404067', '15', '24 Pcs x Display', 'Q_Croccante_Sesamo.png'),
(107, 7, 'Croccante 54 Nocciola 70gr', '404068', '15', '18 Pcs x Display', 'Q_Croccante_Nocciole.webp'),
(108, 7, 'Croccante 54 Mandorla 60gr', '404069', '15', '22 Pcs x Display', 'Q_Croccante_Mandorle.webp'),
(109, 7, 'Torrone Caramello Salato Soft', '404069-1', '15', '', 'Caramel.Salted.jpeg'),
(110, 10, 'Capelli D\'Angelo', 'AS01', '8', '', '01_capelli-dangelo-600x900-1.jpg'),
(111, 10, 'Tagliolini', 'AS02', '8', '', 'as02_tagliolini-1-600x900-1.jpg'),
(112, 10, 'Linguine', 'AS03', '8', '', 'as03_linguine-1-600x900-1.jpg'),
(113, 10, 'Fettuccine', 'AS04', '8', '', 'as04_fettuccine-600x900-1.jpg'),
(114, 10, 'Tagliatelle', 'AS05', '8', '', 'as05_tagliatelle-1-600x900-1.jpg'),
(115, 10, 'Pappardelle', 'AS06', '8', '', 'as06_pappardelle-1-150x150-1.jpg'),
(116, 10, 'Spaghetti alla Chitarra', 'AS07', '8', '', 'Filotea_as07-Spaghetti-Chitarra.jpg'),
(117, 10, 'Linguine Agli & Prezzemolo', 'AS10', '8', '', 'as10_linguine-aglio-e-prezzemolo-600x900-1.jpg'),
(118, 10, 'Linguine al Nero di Seppia', 'AS08', '8', '', 'as08_linguine-nero-di-seppia-600x900-1.jpg'),
(119, 10, 'Fettuccine agli Spinaci', 'AS11', '8', '', 'as11_fettuccine-spinaci-600x900-1.jpg'),
(120, 10, 'Fettuccine al Limone', 'AS13', '8', '', 'as13_fettuccine-limone-600x900-1.jpg'),
(121, 10, 'Fettuccine al Tartufo', 'AS09', '8', '', 'mg_9499r-logo-600x900-1.jpg'),
(122, 11, 'Cremino Classico', '4021', '6', '5 kg', '4021_-_Cremino_Classico_01.webp'),
(123, 11, 'Cremino Extra Noir', '4026', '6', '5 kg', '4026_-_Cremino_Noir.webp'),
(124, 11, 'Cremino Pistacchio', '4022', '6', '5 kg', '4022_-_Cremino_Pistacchio.webp'),
(125, 11, 'Cremino 4 Emozioni', '4027', '6', '5 kg', '4027_-_Cremino_4_emozioni_di_gusto_01.webp'),
(126, 11, 'Cremino Limoncello', '4045', '6', '5 kg', '4045_-_Cremino_Limoncello.webp'),
(127, 11, 'Cremino Caramello', '4029', '6', '5 kg', '4029-CreminoCaramello.webp'),
(128, 11, 'Cremino Crème Brulèe', '4017', '6', '5 kg', '4017_-_Cremino_Creme_Brulee.webp'),
(129, 11, 'Cremino Tiramisù', '4039', '6', '5 kg', '4039_-_Cremino_Tiramisu.webp'),
(130, 11, 'Cremino Tartufo', '4040', '6', '5 kg', '4040_-_Cremino_Tartufo.webp'),
(131, 11, 'Cremino Mandorla', '4024', '6', '5 kg', '4024_-_Cremino_Mandorla.webp'),
(132, 11, 'Cremino Wafer', '4025', '6', '5 kg', '4025_-_Cremino_WAFER.webp'),
(133, 11, 'Cremino 4 Strati', '4032', '6', '5 kg', '4032_-_Cremino_4_Strati.webp'),
(134, 11, 'Cremino Rettangolare Caffè', '4031', '6', '5 kg', '4031_-_Cremino_Rettangolare_Caffe.webp'),
(135, 11, 'Cremino Rettangolare Nocciola', '4030', '6', '5 kg', '4030_-_Cremino_Rettangolare_Nocciola.webp'),
(136, 11, 'Asso Extra Fondente 88%', '4074', '6', '5 kg', '4074_-_Asso_Ripieno_Fondente_88.webp'),
(137, 11, 'Assortito Praline Ripiene', '4050', '6', '5 kg', '4050-AssortitoPralineRipiene500g.webp'),
(138, 11, 'Assi Ripieni Assortiti', '4080', '6', '5 Kg', 'img_683f8065d3f1c.webp'),
(139, 11, 'Asso Extra Fondente 70% Rip. Fondente', '4077', '6', '5 Kg', '4077_-_Asso_Ripieno_Fondente_Morbido.webp'),
(140, 11, 'Cuneese Al Rum', '4630', '6', '5 kg', '4630_-_Cuneese_al_Rum.webp'),
(141, 11, 'Gianduiotto Fondente', '4004', '6', '5 kg', '4004_-_Gianduiotto_Fondente.webp'),
(142, 11, 'Napolitains al Latte', '4010', '6', '5 Kg', '4010_-_Napolitains_al_Latte.webp'),
(143, 11, 'Napolitains Extra Fondente 70% con Granella Di Cacao', '4013', '6', '5 Kg', '4013_-_Napolitains_70_con_Granella_Cacao.webp'),
(144, 11, 'Pralina Nocciolato 1858', '4065', '6', '5 kg', '4065_-_Pralina_Nocciolato_1858.webp'),
(145, 11, 'Pralina Ripieno Oro Di Mazzetti', '4056', '6', '5 kg', '4056_-_Pralina_Ripiena_Oro_Mazzetti.webp'),
(146, 11, 'Napolitains Extra Fondente 70% con Granella di Caffè', '4014', '6', '5 Kg', '4014_-_Napolitains_70_con_Granella_Caffe.webp'),
(147, 11, '\"Damine\" Al Latte Finissimo', '4070', '6', '5 Kg', 'img_683fe51f6b557.webp'),
(148, 11, 'Pralina Cioccolato Bianco Ripieno Limoncello', '4627', '6', '5 kg', '4627-PralinaRipienaLimoncello.webp'),
(149, 11, 'Sacchetto Nocciolato 1858 200g', '4399', '6', '10 Pz', '4399_-_Sacchetto_Nocciolato_1858.webp'),
(150, 11, 'Sacchetto Cremino Extra Noir 200g', '4359', '6', '10 Pz', '4359_-_Sachetto_Cremino_Extra_Noir.webp'),
(151, 11, 'Sacchetto Cremino Classico 200g', '4358', '6', '10 Pz', '4358_-_Sacchetto_Cremino_Classico.webp'),
(152, 11, 'Sacchetto Cremino Limoncello 200g', '4363', '6', '10 Pz', '4363_-_Sacchetto_Cremino_Limoncello.webp'),
(153, 11, 'Sacchetto Gianduiotto Fondente 200g', '4330', '6', '10 Pz', '4330_-_Sacchetto_Gianduiotto_Fondente.webp'),
(154, 11, 'Sacchetto Cremino Tartufo 200g', '4360', '6', '10 Pz', '4360_-_Sacchetto_Cremino_Tiramisu.webp'),
(155, 11, 'Sacchetto Cremino Pistacchio 200g', '4362', '6', '10 Pz', '4362_-_Sacchetto_Cremino_Pistacchio.webp'),
(156, 11, 'Sacchetto Gianduiotto Classico 200g', '4329', '6', '10 Pz', '4329_-_Sacchetto_Gianduiotto_Classico.webp'),
(157, 11, 'Tavoletta Extra Fondente 70% Limone e Ginger 75g', '4233', '6', '20 Pz', 'img_683fc61a38457.webp'),
(158, 11, 'Tavoletta Extra Fondente 70% Cristalli Di Menta 75g', '4228', '6', '20 Pz', 'img_683fc5a87e829.webp'),
(159, 11, 'Tavoletta Cioccolato Bianco Alla Rosa 75g', '4234', '6', '20 Pz', 'img_683fc8b4dc7b6.webp'),
(160, 11, 'Tavoletta Cioccolato Bianco, Champagne e Ribes 75g', '4213', '6', '20 Pz', 'img_683fc8702fe92.webp'),
(161, 11, 'Tavoletta Cioccolato Bianco Alla Menta 75g', '4211', '6', '20 Pz', 'img_683fc89920a86.webp'),
(162, 11, 'Tavoletta Extra Fondente 70% con Mirtilli 75g', '4225', '6', '20 Pz', 'img_683fc647607e3.webp'),
(163, 11, 'Tavoletta Extra Fondente 70% Lampone e Mandorle 75g', '4236', '6', '20 Pz', 'img_683fc5fe979be.webp'),
(164, 11, 'Tavoletta Extra Fondente 75% Ecuador 75g', '4242', '6', '20 Pz', 'img_683fc5c6e84b0.webp'),
(165, 11, 'Tavoletta Extra Fondente 88% 75g', '4227', '6', '20 Pz', 'img_683fc55cd4605.webp'),
(166, 11, 'Tavoletta Extra Fondente 70% Mandorle e Arancia 75g', '4229', '6', '20 Pz', 'img_683fc57217bc7.webp'),
(167, 11, 'Tavoletta al Latte Finissimo 75g', '4222', '6', '20 Pz', 'img_683fc8382a1cd.webp'),
(168, 11, 'Tavoletta al Latte con Cristalli Di Caramello 75g', '4223', '6', '20 Pz', 'img_683fc5141fdd1.webp'),
(169, 11, 'Tavoletta Extra Fondente 99% Ecuador 75g', '4241', '6', '20 Pz', 'img_683fc5e199b38.webp'),
(170, 11, 'Tavoletta Extra Fondente 70% con Caffè Arabica 75g', '4224', '6', '20 Pz', 'img_683fc63056320.webp'),
(171, 11, 'Tavoletta Cioccolato Gianduja 75g', '4231', '6', '20 Pz', 'img_683fc855ccca4.webp'),
(172, 11, 'Tavoletta Extra Fondente 70% 75g', '4226', '6', '20 Pz', 'img_683fc58b2a8a2.webp'),
(173, 11, 'Tavoletta Latte con Nocciole 75g', '4200', '6', '20 Pz', 'img_683fc53372103.webp'),
(174, 11, 'Tavoletta Al Latte con Pera, Mandorle e Miele 75g', '4221', '6', '20 Pz', 'img_683fc8cff0f5f.webp'),
(175, 11, 'Tavoletta Cremino Classico 110g', '4285', '6', '20 Pz', 'img_683fc81a1d460.webp'),
(176, 11, 'Tavoletta Cremino Extra Noir 110g', '4286', '6', '20 Pz', 'img_683fc80039b95.webp'),
(177, 11, 'Tavoletta Cremino Pistacchio 110g', '4287', '6', '20 Pz', 'img_683fc7de499f3.webp'),
(178, 11, 'Sacchetto Caramella Classica Gusto Spritz - 200g', '5875', '6', '10 Pz', '5875-SacchettoSpritz.webp'),
(179, 11, 'Sacchetto Caramella Ripiena Limoncello - 200g', '5879', '6', '10 Pz', '5879-SacchettoRipienaLimoncello.webp'),
(180, 11, 'Sacchetto Gelée Giada Assortite - 200g', '5869', '6', '10 Pz', '5869-SacchettoGeleeGiada.webp'),
(181, 11, 'Sacchetto Caramella Classica Gusti Assortiti - 200g', '5727', '6', '10 Pz', '5727-SacchettoClassicaAssorita.webp'),
(182, 11, 'Confezione Regalo Gelée Giada Assortite - 400g', '5866', '6', '', '5866-ConfezioneRegaloGiada.webp'),
(183, 11, 'Mini Latta Barattina Assortita - 40g', '5805', '6', '12 Pz', '5805-MiniLattaBarattina.webp'),
(184, 11, 'Confezione Regalo Caramella Classica Assortita - 400g', '5711', '6', '', '5711-ConfezioneRegaloClassicaAssortite.webp'),
(185, 11, 'Latta Gelée Giada Assortite - 85g', '5848', '6', '10 Pz', '5848-LattaGeleeGiada.webp'),
(186, 11, 'Ovetti Latte Ripieno Pistacchio E Caramello 500g', '4163', '6', '5 kg', '4163_-_Ovetti_Latte_Ripieno_Pistacchio_e_Caramello_500g.webp'),
(187, 11, 'Ovetti Al Latte Ripieni Assortiti 500g', '4134', '6', '5 KG', '4134_-_Ovetti_al_Latte_Ripieni_Assortiti_500g.webp'),
(188, 11, 'Ovetti Fondenti Ripieni Assortiti Fondente, Mandorla 500g', '4154', '6', '5 kg', '4154_-_Ovetti_Fondenti_Ripieni_Fondente_e_Mandorla_500g.webp'),
(189, 11, 'Crema Baratti 51% Nocciole 200g', '4653', '6', '12 Pz', '4653_-_Crema_Spalmabile_Baratti_51_Nocciole.webp'),
(190, 11, 'Amaretti Soffici Classici Sfusi', '4610', '6', '3 kg', 'img_683f80360d9d9.webp'),
(191, 11, 'Amaretti Soffici Frutta Sfusi', '4612', '6', '3 kg', 'img_683f805214b81.webp'),
(192, 12, 'Espositore Peperoncino piccante in crema 24 Pz', 'OKPT', '10', '24 Pz', 'peperoncino-piccante-in-crema.jpg'),
(193, 12, 'Peperoncino tritato piccante in olio di oliva vaso  12 Pz  100gr', 'OKPP', '10', '12 Pz', 'peperoncino-piccante-in-olio-di-oliva_piccolo.jpg'),
(194, 12, 'Peperoncino tritato piccante in olio di oliva vaso 12 Pz  200 gr', 'OKPP2', '10', '12 Pz', 'box-ragu-di-mare-piccante_200.jpg'),
(195, 12, 'Filetti di alici del Mar Cantarbico in olio di oliva 45 gr', '0045C', '10', '10 Pz', 'filetti-di-alici-del-mar-cantarbico-in-olio-di-oliva.jpg'),
(196, 12, 'Filetti di alici - Selezione Gourmet 20 gr', '', '10', '', 'filetti-di-alici-selezione-gourmet.jpg'),
(197, 12, 'Pasta di acciughe 55 gr', '', '10', '24 Pz', 'pasta-di-acciughe.jpg'),
(198, 12, 'Colatura di alici 100 ml', '0CL', '10', '6 Pz', 'Colatura_Alici.jpg'),
(199, 13, 'Pappardelle 500gr', '809', '14', '12 Pz', '809_pappardelle.jpg'),
(200, 13, 'Fettuccine 500gr', '808', '14', '12 Pz', '808_fettuccine.jpg'),
(201, 13, 'Mafaldine 500gr', '768', '14', '12 Pz', '768_mafaldine.jpg'),
(202, 13, 'Tagliatelle 500 gr', '807', '14', '12 Pz', '807_tagliatelle.jpg'),
(203, 13, 'Bucatini 500 gr', '780', '14', '20 Pz', '780_bucatini.jpg'),
(204, 13, 'Spaghetti alla Chitarra 500 gr', '756', '14', '20 Pz', '756_spaghetti-alla-chitarra.jpg'),
(205, 13, 'Fusilli Lunghi 500 gr', '753', '14', '12 Pz', '753_fusilli-lunghi.jpg'),
(206, 13, 'Fettucce 500 gr', '704', '14', '20 Pz', '704_fettucce.jpg'),
(207, 13, 'Speghettoni 500 gr', '702', '14', '20 Pz', '702_spaghettoni.jpg'),
(208, 13, 'Spaghettini 500 gr', '700', '14', '20 Pz', '700_spaghettini.jpg'),
(209, 13, 'Maccheroni 500 gr', '755', '14', '12 Pz', '755_maccheroni.jpg'),
(211, 13, 'Ruote 500 gr', '735', '14', '12 Pz', '735_ruote.jpg'),
(212, 13, 'Farfalle 500 gr', '723', '14', '12 Pz', '723_farfalle.jpg'),
(213, 13, 'Permanenti / Viti 500 gr', '722', '14', '12 Pz', '722_permanent-viti.jpg'),
(214, 13, 'Calamarata 500 gr', '412', '14', '12 Pz', '412_calamarata.jpg'),
(215, 13, 'Fusilli con Buco 500 gr', '', '14', '12 Pz', 'img_6841142600fc2.jpeg'),
(216, 13, 'Conchiglioni 500 gr', '406', '14', '12 Pz', '406_conchiglioni.jpg'),
(217, 13, 'Lumaconi pacco trasparente 500 gr', '404', '14', '12 Pz', 'img_687bc3bfe42a7.png'),
(218, 13, 'Paccheri pacco trasparente 500 gr', '400', '14', '12 Pz', 'img_687bc31b3b9b8.png'),
(219, 13, 'Orecchiette 500 gr', '729', '14', '12 Pz', '729_orecchiette.jpg'),
(220, 13, 'Sedani Rigati 500 gr', '711', '14', '12 Pz', '711_sedani-rigati.jpg'),
(221, 13, 'Strozzapreti 500 gr', '721', '14', '12 Pz', '721_strozzapreti.jpg'),
(222, 13, 'Mezze Penne Rigate 500 gr', '707', '14', '12 Pz', '707_mezze-penne-rigate.jpg'),
(223, 13, 'Penne Rigate 500 gr', '706', '14', '12 Pz', '706_penne-rigate.jpg'),
(224, 13, 'Linguine 500 gr', '703', '14', '20 Pz', '703_linguine.jpg'),
(225, 6, 'Burro, Acciughe e Tartufo 75 Gr', 'BAT01', '9', '12 Pz', NULL),
(226, 6, 'Olio al Tartufo Nero (con testimone) 60 ml', 'M170', '9', '', NULL),
(227, 6, 'Olio al Tartufo Nero (con testimone) 100 ml', 'M100', '9', '', NULL),
(228, 6, 'Olio al Tartufo Nero (con testimone) 250 ml', 'A150', '9', '', NULL),
(229, 6, 'Olio al Tartufo Bianco (con testimone) 60 ml', 'M190', '9', '', NULL),
(230, 6, 'Olio al Tartufo Bianco (con testimone) 100 ml', 'BM100', '9', '', NULL),
(231, 6, 'Olio al Tartufo Bianco (con testimone) 250 ml', 'A140', '9', '', NULL),
(232, 6, 'Burro al Tartufo Bianco a Lunga Cons. 75 gr', 'BC01', '9', '12 Pz', NULL),
(233, 6, 'Burro al Tartufo Bianco a Lunga Cons. 150 gr', 'BC02', '9', '9 Pz', NULL),
(234, 6, 'Salsa Bianca \"La Tartufina\" 80 gr', 'TB080', '9', '', NULL),
(235, 6, 'Salsa Bianca \"La Tartufina\" 180 gr', 'TB180', '9', '', NULL),
(236, 6, 'Carpaccio di Tartufo Bianchetto 80/40 gr', 'BTF40', '9', '12 Pz', NULL),
(237, 6, 'Tartufo Bianchetto Interno al Naturale 90/40 gr', 'BT1', '9', '', NULL),
(238, 6, 'Pate\' Di Tartufo Bianco Pregiato (70% Tart.) 30 gr', 'CB01', '9', '24 Pz', NULL),
(239, 6, 'Cacio E Pepe Con Tartufo Bianco 75gr', 'CPT01', '9', '12 Pz', NULL),
(240, 6, 'Salsa Tartufata 1% Tartufo 80gr', 'STR02', '9', '12', NULL),
(241, 6, 'Salsa \"Classica \"La Tartufina\" 4% 80gr', 'ST001', '9', '9', NULL),
(242, 6, 'Salsa \"Classica \"La Tartufina\" 4% 180gr', 'ST002', '9', '9', NULL),
(243, 10, 'Spaghettoni', 'AS19', '8', '', 'as19_spaghettoni-tonnarelli-600x900-1.jpg'),
(244, 7, 'TORRONCINI IN ASTUCCIO 120g x10pz FRUTTI DI BOSCO', '404887', 'Quaranta', '10 Pz', 'Asuccio_Frutti.Bosco_.png'),
(245, 14, 'Composta di Fichi 100%', 'COMP07', '5', '12 Pz', 'CRN_composta_fichi_Mieleria_Rossi_Novaro_230g_600x800-300x300-1.jpg'),
(246, 14, 'Composta di Amarene 100%', 'COMP08', '5', '12 Pz', 'CRN_composta_amarene_Mieleria_Rossi_Novaro_230g_600x800-300x300-1.jpg'),
(247, 14, 'Composta di Mirtilli 100%', 'COMP04', '5', '12 Pz', 'CRN_composta_mirtilli_Mieleria_Rossi_Novaro_230g_600x800-300x300-1.jpg'),
(248, 14, 'Composta di Arance 100%', 'COMP03', '5', '12 Pz', 'CRN_composta_arance_Mieleria_Rossi_Novaro_230g_600x800-300x300-1.jpg'),
(249, 14, 'Composta di Albicocche 100%', 'COMP01', '5', '12 Pz', 'CRN_composta_albicocca_Mieleria_Rossi_Novaro_230g_600x800-300x300-1.jpg'),
(250, 14, 'Composta di Fragole 100%', 'COMP05', '5', '12 Pz', 'CRN_composta_fragole_Mieleria_Rossi_Novaro_230g_600x800-300x300-1.jpg'),
(251, 14, 'Composta di Prugne 100%', 'COMP02', '5', '12 Pz', 'CRN_composta_prugne_Mieleria_Rossi_Novaro_230g_600x800-300x300-1.jpg'),
(252, 14, 'Composta di Frutti di Bosco 100%', 'COMP06', '5', '12 Pz', 'CRN_composta_frutti_di_bosco_Mieleria_Rossi_Novaro_230g_600x800-300x300-1.jpg'),
(253, 14, 'Miele Limone 40gr', 'ML09/4 0', '5', '80 Pz', 'Miele-di-Limone-40gr-2.png'),
(254, 14, 'Miele Arancio 40gr', 'ML08/4 0', '5', '80 Pz', 'MRN_miele_di_arancia_40gr-2.jpg'),
(255, 14, 'Miele Girasole 40gr', 'ML02/4 0', '5', '80 Pz', 'MRN_miele_di_girasole_40gr-2.jpg'),
(256, 14, 'Miele Acacia 40gr', 'ML16/4 0', '5', '80 Pz', 'MRN_miele_di_acacia_45gr-2.jpg'),
(257, 14, 'Miele Eucalipto 40gr', 'ML03/4 0', '5', '80 Pz', 'Miele-di-eucalipto-40gr-2.png'),
(258, 14, 'Miele Millefiori 40gr', 'ML01/4 0', '5', '80 Pz', 'Miele-millefiori-40gr-2.png'),
(259, 14, 'Miele Millefiori 400 gr', 'ML01/T', '5', '12 Pz', 'miele-toscano-millefiori-2.jpg'),
(260, 14, 'Miele Acacia 400 gr', 'ML16/T', '5', '12 Pz', 'miele-toscano-acacia-300x300-1.jpg'),
(261, 14, 'Miele Castagno 400 gr', 'ML10/T', '5', '12 Pz', 'miele-toscano-castagno-300x300-1.jpg'),
(262, 14, 'Miele Rosmarino 400 gr', 'ML15/T', '5', '12 Pz', 'MRN_miele_di_rosmarino.jpg'),
(263, 14, 'Miele Girasole 400 gr', 'ML02/T', '5', '12 Pz', 'miele-toscano-girasole-300x300-1.jpg'),
(264, 14, 'Miele Eucalipto 400 gr', 'ML03/T', '5', '12 Pz', 'Miele-di-eucalipto-e1745862637541.png'),
(265, 1, 'PARPACCIO - Condimento Alimentare Solido LIMONE e ZENZERO- 8 x 160 gr', 'SOMN016TLZMMN00CPP-8 ', '13', '8 Pz', 'limone-zenzero-4677-e1745865436226.png'),
(266, 1, 'PARPACCIO - Condimento Alimentare Solido LAMPONE - 8 x 160 gr', 'SMN017TLMMMN0 0CPP-8', '13', '8 Pz', 'lampone-4674-e1745865482755.png'),
(268, 1, 'PARPACCIO - Condimento Alimentare Solido ARANCIA e CANNELLA - 8 x 160 gr', 'SOMN016TRCMMN00CPP-8 ', '13', '8 Pz', 'arancia-cannella-4679-e1745865461709.png'),
(269, 15, 'ACETO BALSAMICO DI MODENA IGP “SENSO” SPRAY 250 ML', 'BAMN025ST-MN00 BSVSC', '13', '12 Pz', NULL),
(270, 15, 'Aceto Perle di Aceto Balsamico', '', '13', '', 'perle-di-balsamico-M-2548-e1745865449972.jpg'),
(271, 16, 'Panforte Noci Fichi 250gr', '', '12', '', 'PanforteNoceFichi.jpg-724×1024-pixel.jpeg-e1745899939995.png'),
(272, 16, 'Panforte Noci Fichi 100gr', '', '12', '', 'PanforteNoceFichi.jpg-724×1024-pixel.jpeg-e1745899939995.png'),
(273, 16, 'Panforte Margherita 100gr', '', '12', '', 'panforteMargherita-e1745899638162.png'),
(274, 16, 'Panforte Margherita 250gr', '', '12', '', 'panforteMargherita-e1745899638162.png'),
(275, 16, 'Panforte Panpepato 250gr', '', '12', '', 'Papenpepato-e1745899626973.png'),
(276, 16, 'Panforte Panpepato 100gr', '', '12', '', 'Papenpepato-e1745899626973.png'),
(277, 16, 'Panforte Cioccolato Ciliegie 100gr', '', '12', '', 'panforteCioccolatoCiliege-e1745899595267.png'),
(278, 16, 'Panforte Cioccolato Ciliegie 250gr', '', '12', '', 'panforteCioccolatoCiliege-e1745899595267.png'),
(279, 16, 'Panforte Pere Cioccolato 250gr', '', '12', '', 'panfortePereCioccolato-e1745899569573.png'),
(280, 16, 'Panforte Pere Cioccolato 100gr', '', '12', '', 'panfortePereCioccolato-e1745899569573.png'),
(281, 16, 'Cavallucci', '', '12', '', 'Cavallucci-grani-antichi-e1745899927232.jpg'),
(282, 16, 'Amaretti Morbidi', '', '12', '', 'Amaretti-e1745899912777.png'),
(283, 16, 'Brutti Buoni', '', '12', '', 'Brutti.Buoni_-e1745899583669.png'),
(284, 16, 'Ricciarelli', '', '12', '', 'Ricciarelli-e1745899614787.png'),
(285, 16, 'Cantucci Mandorla 100gr', '', '12', '', 'Cantucci-e1745899605545.png'),
(286, 16, 'Cantucci Mandorla 300gr', '', '12', '', 'Cantucci-e1745899605545.png'),
(287, 16, 'Cantucci Pistacchio 300gr', '', '12', '', 'Cantucci-e1745899605545.png'),
(288, 16, 'Cantucci Pistacchio 100gr', '', '12', '', 'Cantucci-e1745899605545.png'),
(289, 16, 'Cantucci Cioccolato 100gr', '', '12', '', 'Cantucci-e1745899605545.png'),
(290, 16, 'Cantucci Cioccolato 300gr', '', '12', '', 'Cantucci-e1745899605545.png'),
(291, 16, 'Cantucci Mix 300gr', '', '12', '', 'Cantucci-e1745899605545.png'),
(292, 11, 'Scatola Selezione Cremini', '4347', '6', '', 'Scatola.cremini.assortiti-e1745934866619.png'),
(293, 11, 'Scatola Cioccolatini Finissimi Assortiti', '4442', '6', '8', 'Scatola.cioccolatini.finissimi.assortiti-e1745934879734.png'),
(294, 11, 'Scatola Gianduiotti', '4309', '6', '8', 'Scatola.gianduiotti-e1745934892926.png'),
(296, 11, 'Gianduiotto', '4000', '6', '5 Kg', '4000_-_Gianduiotto_Classico_01.webp'),
(297, 11, 'Pralina Nocciolato 1858 Fondente Extra', '4066', '6', '5 kg', '4066_-_Pralina_Nocciolato_1858_Fondente.webp'),
(298, 17, 'Mostarda Arancia e Peperoncino', 'D809/ARA/PE', '11', '12 Pz', 'mostarda-arancia-e-peperoncino200g.jpg'),
(299, 17, 'Mostarda Fichi e Zenzero', 'D804/ZEN180', '11', '12 Pz', 'mostarda-fichi-zenzero200g.jpg'),
(300, 17, 'Mostarda Pere', 'D736/180', '11', '12 Pz', 'mostarda-di-pere200g.jpg'),
(301, 17, 'Mostarda Cipolle Rosse', 'D941/180', '11', '12 Pz', 'mostarda-cipolle-rosse200g.jpg'),
(302, 17, 'Patê di Funghi Porcini', '162', '11', '12 Pz', 'pate-porcini_180g.jpg'),
(303, 17, 'Patê di Pomodori Secchi', '193/POM', '11', '12 Pz', 'pate-pom-secchi_180g.jpg'),
(304, 17, 'Patê di Olive Nere', '192', '11', '12 Pz', 'pate-olive-nere_180g.jpg'),
(305, 17, 'Patê di Carciofi', '131', '11', '12 Pz', 'pate-carciofi.jpg'),
(306, 17, 'Ragù alla Bolognese', '198', '11', '12 Pz', 'ragu-bolognese_180g.jpg'),
(307, 17, 'Ragù di Cinghiale', '143', '11', '12 Pz', 'ragu-cinghiale_180g.jpg'),
(308, 17, 'Ragù Toscano', '149', '11', '12 Pz', 'ragu-toscano_180g.jpg'),
(309, 17, 'Sugo ai Porcini', '149-1', '11', '12 Pz', 'sugo-porcini-180g.jpg'),
(310, 17, 'Sugo all’Arrabbiata', '184/300', '11', '12 Pz', 'sugo-arrabbiata-300g-1.jpg'),
(311, 17, 'Sugo Cacio e Pepe', '426/180', '11', '12 Pz', 'cacio-e-pepe_180g.jpg'),
(312, 17, 'Sugo Aglione di Valdichiana', '180/V', '11', '12 Pz', 'sugo-aglione-180g.jpg'),
(313, 17, 'Sugo Pomodoro e Basilico', '193/S', '11', '12 Pz', 'sugo-pom-basilico-300g.jpg'),
(314, 11, 'Latta Caramelle Limoncello 85gr', '5725', '6', '10 Pz', 'item_683fea242d4d6.png'),
(315, 11, 'Latta Caramelle Spritz 85 gr', '5724', '6', '10 Pz', 'item_683fea710562c.png'),
(316, 4, 'GOURMET - CIOCCOLATINI ALL\'ACETO BALSAMICO DI MODENA IGP SACCHETTO ', 'G 45', '2', '1 Kg', 'img_6841b7340836e.png'),
(317, 4, 'Duchessa Carlotta - Aceto Balsamico IGP Classico', '835', '2', '12 Pz', 'img_6842681e30da6.JPG'),
(318, 13, 'Pici', '', '14', '12 Pz', 'img_6842f152bf5f6.JPG'),
(319, 4, 'GIUSTI BROCHURE GENERICHE ACETAIA - GIUSEPPE GIUSTI', 'MDEP116', '2', '1 Pz', 'item_6843b770105bb.jpg'),
(320, 4, 'Shopper GIUSTI - S - GIUSEPPE GIUSTI', 'P90', '2', '1 Pz', 'item_6843b7c349e03.jpg'),
(321, 4, 'Shopper GIUSTI - M - GIUSEPPE GIUSTI', 'P110', '2', '1 Pz', 'item_6843b7f7e6eb2.jpg'),
(322, 4, 'Perle di Aceto Balsamico Giusti', 'G22', '2', '6 Pz', 'item_68448b3040bc3.png'),
(323, 4, 'Perle Bianche di Aceto Giusti', 'G23', '2', '6 Pz', 'item_68448bc1aec91.png'),
(324, 4, 'Sale Bianco di Sicilia Giusti', 'G30', '2', '6 Pz', 'item_68448c035b03d.png'),
(325, 11, 'Latta Carillon ', '4792', '6', '6 Pz', 'item_6845949919a22.png'),
(326, 11, 'Cremino Caffè ', '4041', '6', '5 Kg', 'item_6845950541d9d.png'),
(327, 11, 'Cremino Brownie', '4046', '6', '5 Kg', 'item_684595476f48e.png'),
(328, 11, 'Pistacchio', '4051', '6', '5 Kg', 'item_6845958fba61e.png'),
(329, 11, 'Nocciolatini Assortiti', '4174', '6', '5 Kg', 'item_684595fbd8381.png'),
(330, 11, 'Praline Cioccolato Ripiene Assortite ', '4050', '6', '5 Kg', 'item_6845969965270.webp'),
(331, 11, 'Mini Latta Storica', '4433', '6', '12 Pz', 'item_6845973227f50.png'),
(332, 11, 'Napolitains_70', '4015', '6', '5 Kg', 'item_6845997d98616.webp'),
(333, 7, 'Torta Frutti Bosco 500 gr', '404381', '15', '4', 'item_684b2427b3698.png'),
(334, 7, 'Torta Pistachio 500 gr ', '', '15', '4', 'item_684b24910fee4.png'),
(335, 18, 'Zaff.Oro Rosso della Val D’Orcia 1 Gr Fiala', 'ZAF08', '7', '1 Pz', 'item_68511f8a97e97.jpeg'),
(336, 18, 'Zafferano in Stimmi conf. 0,10 Gr', 'ZAF13', '7', '1 Pz', 'item_6851200eb5590.jpeg'),
(337, 18, 'Zaff. Oro Rossa Val D’Orcia 0,25 Gr Fiala', 'ZAF10', '7', '1 Pz', 'img_6851218f8b61a.jpeg'),
(338, 19, 'CANTUCCI MANDORLE 25% 200 GR. ', '398080070214431', '3', '12 Pz', 'img_687bc054f3577.jpg'),
(339, 19, 'CANTUCCI MANDORLE E PISTACCHI 200 GR. ', '398080070214441 ', '3', '12 Pz', 'img_687bc060dc224.jpg'),
(340, 19, 'CANTUCCI FICHI E MANDORLE 200 GR. ', '398080070214432 ', '3', '12 Pz', 'img_687bbfdf9fd20.jpg'),
(341, 19, 'CANTUCCI AL CIOCCOLATO 200 GR. ', '398080079468770', '3', '12 Pz', 'img_687bbf333104d.jpg'),
(343, 19, 'CANTUCCI ALL’ARANCIA E CIOCCOLATO 200 GR. ', '398080074015403', '3', '12 Pz', 'img_687bbf9b1c176.jpg'),
(344, 19, 'CANTUCCI CON CIOCCOLATO A PEZZI 200 GR.', '398080079468772', '3', '12 Pz', 'img_687bbfcc65e74.jpg'),
(345, 19, 'CANTUCCI GOLOSI CON PEZZI DI CIOCCOLATO FONDENTE 200 GR.', '398080073596727 ', '3', '12 Pz', 'img_687bc022bead8.jpg'),
(346, 19, 'CANTUCCI GOLOSI CON NOCCIOLE 200 GR. ', '398080070214433', '3', '12 Pz', 'img_687bc0094c51b.jpg'),
(347, 19, 'DOLCIAMARI -BISCOTTI CON NOCCIOLE E CACAO 200 GR.', '398080070214444', '3', '12 Pz', 'img_687bc151326c7.jpg'),
(348, 19, 'GASTONE -BISCOTTI CON MANDORLE E NOCCIOLE SCATOLA 200 GR.', '398080070214446', '3', '12 Pz', 'img_687bc1ae13316.jpg'),
(349, 19, 'GRANAI AL CIOCCOLATO- BISCOTTI CON GOCCE DI CIOCCOLATO E NOCCIOLE 200 GR.', '398080070214447', '3', '12 Pz', 'img_687bc1c269d3e.jpg'),
(350, 19, 'ZENZERINI -BISCOTTI CON ZENZERO E LIMONE 200 GR. ', '398080070214448', '3', '12 Pz', 'img_687bc47ee8c41.jpg'),
(351, 19, 'CARMIGNANINI CON FICHI -FROLLINI CON FICHI 200 GR.', '398080070214449', '3', '12 Pz', NULL),
(352, 19, 'CARMIGNANINI CON GIANDUIA - FROLLINI CON CREMA ALLA GIANDUIA 200 GR.', '398080070214453', '3', '12Pz', 'img_687bc134ba77e.jpg'),
(353, 19, 'CARMIGNANINI AL PISTACCHIO -FROLLINI CON CREMA AL PISTACCHIO 200 GR.', '398080070214455', '3', '12 Pz', 'img_687bc11f79cb3.jpg'),
(354, 19, 'CARLETTI ALL’ARANCIA E CIOCCOLATO 200 GR. ', '398080079468773', '3', '12 Pz', 'img_687bc09f9d2b0.jpg'),
(355, 19, 'CARLETTI ALL’ UVETTA 200 GR. ', '398080074246852', '3', '12 Pz', 'img_687bc070cb8a2.jpg'),
(356, 19, 'FIOR DI FROLLA ALLA MORE 200 GR. ', '398080078017725', '3', '12 Pz', 'img_687bc1890fa9d.jpg'),
(357, 19, 'FIOR DI FROLLA ALLA FRAGOLA 200 GR. ', '398080079011680', '3', '12 Pz', 'img_687bc177ae9ef.jpg'),
(358, 19, 'FIOR DI FROLLA ALL’ ALBICOCCA 200 GR. ', '398080079011682', '3', '12 Pz', 'img_687bc19877f4d.jpg'),
(359, 19, 'BISCOTTI AL BURRO SALATO 200 GR. ', '398080072861527', '3', '12 Pz', 'img_687bbf5d1c7ed.jpg'),
(360, 19, 'BISCOTTI -FROLLINI AL CAFFE’ ESPRESSO 200 GR. ', '398080072979701', '3', '12 Pz', 'img_687bbf4a2db0a.jpg'),
(361, 19, 'CROSTATA ALL’ ALBICOCCA 200 GR. ', '398080079468774', '3', '8 Pz', NULL),
(362, 19, 'CROSTATA ALLE FRAGOLE 200 GR. ', '398080079468775', '3', '8 Pz', NULL),
(363, 19, 'CROSTATA ALLE MORE 200 GR. ', '398080079468776', '3', '8 Pz', NULL),
(364, 19, 'CROSTATA AI FRUTTI DI BOSCO 200 GR. ', '398080079468777', '3', '8 Pz', NULL),
(365, 19, 'CROSTATA ALLA VISCIOLATA 200 GR. ', '398080079468778', '3', '8 Pz', NULL),
(366, 13, 'Pizzichi/Taccozzelle pacco trasparente 500 Gr.', '754', '14', '12', 'img_687bc381726e3.png'),
(367, 13, 'Nastri', '', '14', '12Pz', 'img_687bc2866e33a.jpg'),
(368, 7, 'Trancio Soff. Incart. Dubai Chocolate 150gr x12 Fette', '404968', 'Quaranta', '12 Pz', 'item_687e623db3677.png');

-- --------------------------------------------------------

--
-- Struttura della tabella `item_categories`
--

CREATE TABLE `item_categories` (
  `item_id` int NOT NULL,
  `category_id` int NOT NULL
) ENGINE=InnoDB DEFAULT CHARSET=latin1;

--
-- Dump dei dati per la tabella `item_categories`
--

INSERT INTO `item_categories` (`item_id`, `category_id`) VALUES
(55, 1),
(56, 1),
(57, 1),
(58, 1),
(59, 1),
(60, 1),
(61, 1),
(62, 1),
(63, 1),
(64, 1),
(65, 1),
(66, 1),
(189, 1),
(190, 1),
(191, 1),
(271, 1),
(272, 1),
(273, 1),
(274, 1),
(275, 1),
(276, 1),
(277, 1),
(278, 1),
(279, 1),
(280, 1),
(281, 1),
(282, 1),
(283, 1),
(284, 1),
(285, 1),
(286, 1),
(287, 1),
(288, 1),
(289, 1),
(290, 1),
(291, 1),
(2, 2),
(3, 2),
(4, 2),
(5, 2),
(13, 2),
(14, 2),
(15, 2),
(16, 2),
(17, 2),
(18, 2),
(19, 2),
(20, 2),
(21, 2),
(22, 2),
(23, 2),
(24, 2),
(25, 2),
(26, 2),
(27, 2),
(28, 2),
(29, 2),
(38, 2),
(39, 2),
(40, 2),
(41, 2),
(43, 2),
(44, 2),
(45, 2),
(46, 2),
(47, 2),
(48, 2),
(49, 2),
(50, 2),
(51, 2),
(52, 2),
(53, 2),
(54, 2),
(265, 2),
(266, 2),
(267, 2),
(268, 2),
(269, 2),
(270, 2),
(306, 3),
(307, 3),
(308, 3),
(309, 3),
(310, 3),
(311, 3),
(312, 3),
(313, 3),
(55, 4),
(56, 4),
(57, 4),
(58, 4),
(59, 4),
(60, 4),
(61, 4),
(62, 4),
(63, 4),
(64, 4),
(65, 4),
(66, 4),
(190, 4),
(191, 4),
(281, 4),
(282, 4),
(283, 4),
(284, 4),
(285, 4),
(286, 4),
(287, 4),
(288, 4),
(289, 4),
(290, 4),
(291, 4),
(4, 11),
(5, 11),
(13, 11),
(14, 11),
(15, 11),
(16, 11),
(17, 11),
(18, 11),
(19, 11),
(20, 11),
(21, 11),
(22, 11),
(23, 11),
(24, 11),
(25, 11),
(26, 11),
(27, 11),
(28, 11),
(29, 11),
(30, 11),
(31, 11),
(32, 11),
(33, 11),
(34, 11),
(35, 11),
(36, 11),
(37, 11),
(38, 11),
(39, 11),
(40, 11),
(41, 11),
(42, 11),
(43, 11),
(44, 11),
(45, 11),
(46, 11),
(47, 11),
(48, 11),
(49, 11),
(50, 11),
(51, 11),
(52, 11),
(53, 11),
(54, 11),
(265, 11),
(266, 11),
(267, 11),
(268, 11),
(269, 11),
(270, 11),
(6, 12),
(7, 12),
(9, 12),
(10, 12),
(195, 12),
(196, 12),
(197, 12),
(198, 12),
(225, 12),
(234, 12),
(235, 12),
(236, 12),
(237, 12),
(238, 12),
(239, 12),
(240, 12),
(241, 12),
(242, 12),
(245, 12),
(246, 12),
(247, 12),
(248, 12),
(249, 12),
(250, 12),
(251, 12),
(252, 12),
(306, 12),
(307, 12),
(308, 12),
(309, 12),
(310, 12),
(311, 12),
(312, 12),
(313, 12),
(6, 13),
(7, 13),
(8, 13),
(11, 13),
(56, 13),
(67, 13),
(68, 13),
(69, 13),
(70, 13),
(71, 13),
(72, 13),
(75, 13),
(88, 13),
(101, 13),
(105, 13),
(155, 13),
(177, 13),
(186, 13),
(287, 13),
(288, 13),
(6, 14),
(7, 14),
(9, 14),
(10, 14),
(192, 14),
(193, 14),
(194, 14),
(197, 14),
(198, 14),
(225, 14),
(239, 14),
(240, 14),
(241, 14),
(242, 14),
(302, 14),
(303, 14),
(304, 14),
(305, 14),
(306, 14),
(307, 14),
(308, 14),
(309, 14),
(310, 14),
(311, 14),
(312, 14),
(313, 14),
(8, 15),
(11, 15),
(12, 15),
(55, 15),
(56, 15),
(57, 15),
(58, 15),
(59, 15),
(60, 15),
(61, 15),
(62, 15),
(63, 15),
(64, 15),
(65, 15),
(66, 15),
(67, 15),
(68, 15),
(69, 15),
(72, 15),
(73, 15),
(74, 15),
(75, 15),
(76, 15),
(77, 15),
(78, 15),
(79, 15),
(80, 15),
(81, 15),
(82, 15),
(83, 15),
(84, 15),
(85, 15),
(86, 15),
(87, 15),
(88, 15),
(89, 15),
(90, 15),
(91, 15),
(92, 15),
(93, 15),
(94, 15),
(95, 15),
(96, 15),
(97, 15),
(98, 15),
(99, 15),
(100, 15),
(101, 15),
(102, 15),
(103, 15),
(104, 15),
(105, 15),
(106, 15),
(107, 15),
(108, 15),
(109, 15),
(122, 15),
(123, 15),
(124, 15),
(125, 15),
(126, 15),
(127, 15),
(128, 15),
(129, 15),
(130, 15),
(131, 15),
(132, 15),
(133, 15),
(134, 15),
(135, 15),
(136, 15),
(137, 15),
(138, 15),
(139, 15),
(140, 15),
(141, 15),
(142, 15),
(143, 15),
(144, 15),
(145, 15),
(146, 15),
(147, 15),
(148, 15),
(149, 15),
(150, 15),
(151, 15),
(152, 15),
(153, 15),
(154, 15),
(155, 15),
(156, 15),
(157, 15),
(158, 15),
(159, 15),
(160, 15),
(161, 15),
(162, 15),
(163, 15),
(164, 15),
(165, 15),
(166, 15),
(167, 15),
(168, 15),
(169, 15),
(170, 15),
(171, 15),
(172, 15),
(173, 15),
(174, 15),
(175, 15),
(176, 15),
(177, 15),
(178, 15),
(179, 15),
(180, 15),
(181, 15),
(182, 15),
(183, 15),
(184, 15),
(185, 15),
(186, 15),
(187, 15),
(188, 15),
(189, 15),
(190, 15),
(191, 15),
(244, 15),
(245, 15),
(246, 15),
(247, 15),
(248, 15),
(249, 15),
(250, 15),
(251, 15),
(252, 15),
(253, 15),
(254, 15),
(265, 15),
(266, 15),
(267, 15),
(268, 15),
(271, 15),
(272, 15),
(273, 15),
(274, 15),
(275, 15),
(276, 15),
(277, 15),
(278, 15),
(279, 15),
(280, 15),
(281, 15),
(282, 15),
(283, 15),
(284, 15),
(285, 15),
(286, 15),
(287, 15),
(288, 15),
(289, 15),
(290, 15),
(291, 15),
(292, 15),
(293, 15),
(294, 15),
(295, 15),
(296, 15),
(297, 15),
(298, 15),
(299, 15),
(300, 15),
(8, 16),
(67, 16),
(68, 16),
(69, 16),
(70, 16),
(71, 16),
(189, 16),
(304, 16),
(305, 16),
(8, 17),
(9, 17),
(10, 17),
(67, 17),
(68, 17),
(69, 17),
(189, 17),
(192, 17),
(193, 17),
(194, 17),
(197, 17),
(225, 17),
(232, 17),
(233, 17),
(234, 17),
(235, 17),
(238, 17),
(240, 17),
(241, 17),
(242, 17),
(245, 17),
(246, 17),
(247, 17),
(248, 17),
(249, 17),
(250, 17),
(251, 17),
(252, 17),
(302, 17),
(303, 17),
(304, 17),
(305, 17),
(9, 18),
(10, 18),
(38, 18),
(51, 18),
(52, 18),
(121, 18),
(225, 18),
(226, 18),
(227, 18),
(228, 18),
(229, 18),
(230, 18),
(231, 18),
(232, 18),
(233, 18),
(234, 18),
(235, 18),
(236, 18),
(237, 18),
(238, 18),
(239, 18),
(240, 18),
(241, 18),
(242, 18),
(302, 18),
(309, 18),
(9, 19),
(10, 19),
(38, 19),
(52, 19),
(121, 19),
(225, 19),
(226, 19),
(227, 19),
(228, 19),
(229, 19),
(230, 19),
(231, 19),
(232, 19),
(233, 19),
(234, 19),
(235, 19),
(236, 19),
(237, 19),
(238, 19),
(239, 19),
(240, 19),
(241, 19),
(242, 19),
(11, 20),
(12, 20),
(72, 20),
(73, 20),
(74, 20),
(75, 20),
(76, 20),
(77, 20),
(84, 20),
(85, 20),
(86, 20),
(87, 20),
(88, 20),
(89, 20),
(90, 20),
(91, 20),
(92, 20),
(93, 20),
(94, 20),
(95, 20),
(96, 20),
(97, 20),
(98, 20),
(99, 20),
(100, 20),
(101, 20),
(102, 20),
(103, 20),
(109, 20),
(244, 20),
(372, 20),
(20, 21),
(26, 21),
(38, 21),
(39, 21),
(40, 21),
(41, 21),
(43, 21),
(44, 21),
(45, 21),
(46, 21),
(47, 21),
(48, 21),
(49, 21),
(50, 21),
(51, 21),
(52, 21),
(53, 21),
(54, 21),
(30, 22),
(31, 22),
(32, 22),
(33, 22),
(34, 22),
(35, 22),
(36, 22),
(37, 22),
(41, 22),
(42, 22),
(317, 22),
(30, 23),
(31, 23),
(32, 23),
(33, 23),
(34, 23),
(35, 23),
(36, 23),
(37, 23),
(192, 23),
(193, 23),
(194, 23),
(198, 23),
(234, 23),
(235, 23),
(239, 23),
(240, 23),
(241, 23),
(242, 23),
(265, 23),
(266, 23),
(267, 23),
(268, 23),
(269, 23),
(270, 23),
(312, 23),
(313, 23),
(51, 24),
(302, 24),
(309, 24),
(70, 25),
(71, 25),
(126, 25),
(140, 25),
(145, 25),
(148, 25),
(152, 25),
(178, 25),
(179, 25),
(304, 25),
(305, 25),
(78, 26),
(79, 26),
(80, 26),
(81, 26),
(82, 26),
(83, 26),
(122, 26),
(123, 26),
(124, 26),
(125, 26),
(126, 26),
(127, 26),
(128, 26),
(129, 26),
(130, 26),
(131, 26),
(132, 26),
(133, 26),
(134, 26),
(135, 26),
(136, 26),
(137, 26),
(138, 26),
(139, 26),
(140, 26),
(141, 26),
(142, 26),
(143, 26),
(144, 26),
(145, 26),
(146, 26),
(147, 26),
(148, 26),
(149, 26),
(150, 26),
(151, 26),
(152, 26),
(153, 26),
(154, 26),
(155, 26),
(156, 26),
(157, 26),
(158, 26),
(159, 26),
(160, 26),
(161, 26),
(162, 26),
(163, 26),
(164, 26),
(165, 26),
(166, 26),
(167, 26),
(168, 26),
(169, 26),
(170, 26),
(171, 26),
(172, 26),
(173, 26),
(174, 26),
(175, 26),
(176, 26),
(177, 26),
(186, 26),
(188, 26),
(189, 26),
(277, 26),
(278, 26),
(279, 26),
(280, 26),
(283, 26),
(289, 26),
(290, 26),
(291, 26),
(292, 26),
(293, 26),
(294, 26),
(295, 26),
(296, 26),
(297, 26),
(104, 27),
(105, 27),
(106, 27),
(107, 27),
(108, 27),
(110, 28),
(111, 28),
(112, 28),
(113, 28),
(114, 28),
(115, 28),
(116, 28),
(117, 28),
(118, 28),
(119, 28),
(120, 28),
(121, 28),
(199, 28),
(200, 28),
(201, 28),
(202, 28),
(203, 28),
(204, 28),
(205, 28),
(206, 28),
(207, 28),
(208, 28),
(209, 28),
(210, 28),
(211, 28),
(212, 28),
(213, 28),
(214, 28),
(215, 28),
(216, 28),
(217, 28),
(218, 28),
(219, 28),
(220, 28),
(221, 28),
(222, 28),
(223, 28),
(224, 28),
(243, 28),
(110, 29),
(111, 29),
(112, 29),
(113, 29),
(114, 29),
(115, 29),
(116, 29),
(117, 29),
(118, 29),
(119, 29),
(120, 29),
(121, 29),
(243, 29),
(110, 30),
(111, 30),
(112, 30),
(113, 30),
(114, 30),
(115, 30),
(116, 30),
(117, 30),
(118, 30),
(119, 30),
(120, 30),
(121, 30),
(199, 30),
(200, 30),
(201, 30),
(202, 30),
(203, 30),
(204, 30),
(205, 30),
(206, 30),
(207, 30),
(208, 30),
(224, 30),
(243, 30),
(118, 31),
(195, 31),
(196, 31),
(197, 31),
(198, 31),
(122, 32),
(123, 32),
(124, 32),
(125, 32),
(126, 32),
(127, 32),
(128, 32),
(129, 32),
(130, 32),
(131, 32),
(132, 32),
(133, 32),
(134, 32),
(135, 32),
(136, 32),
(137, 32),
(138, 32),
(139, 32),
(140, 32),
(141, 32),
(142, 32),
(143, 32),
(144, 32),
(145, 32),
(146, 32),
(147, 32),
(148, 32),
(149, 32),
(150, 32),
(151, 32),
(152, 32),
(153, 32),
(154, 32),
(155, 32),
(156, 32),
(186, 32),
(187, 32),
(188, 32),
(292, 32),
(293, 32),
(294, 32),
(295, 32),
(296, 32),
(297, 32),
(316, 32),
(122, 33),
(123, 33),
(124, 33),
(125, 33),
(126, 33),
(127, 33),
(128, 33),
(129, 33),
(130, 33),
(131, 33),
(132, 33),
(133, 33),
(134, 33),
(135, 33),
(150, 33),
(151, 33),
(152, 33),
(154, 33),
(155, 33),
(177, 33),
(292, 33),
(126, 34),
(148, 34),
(152, 34),
(179, 34),
(136, 35),
(145, 35),
(146, 35),
(150, 35),
(157, 35),
(158, 35),
(162, 35),
(163, 35),
(164, 35),
(165, 35),
(166, 35),
(169, 35),
(170, 35),
(172, 35),
(176, 35),
(188, 35),
(139, 36),
(140, 36),
(141, 36),
(143, 36),
(153, 36),
(154, 36),
(140, 37),
(142, 38),
(147, 38),
(167, 38),
(168, 38),
(173, 38),
(174, 38),
(175, 38),
(176, 38),
(177, 38),
(186, 38),
(144, 39),
(149, 39),
(151, 39),
(153, 39),
(154, 39),
(155, 39),
(156, 39),
(171, 39),
(175, 39),
(176, 39),
(177, 39),
(188, 39),
(189, 39),
(294, 39),
(295, 39),
(296, 39),
(297, 39),
(144, 40),
(149, 40),
(151, 40),
(152, 40),
(153, 40),
(154, 40),
(156, 40),
(173, 40),
(175, 40),
(176, 40),
(177, 40),
(187, 40),
(189, 40),
(281, 40),
(283, 40),
(297, 40),
(145, 41),
(145, 42),
(152, 42),
(146, 43),
(170, 43),
(148, 44),
(152, 44),
(153, 44),
(159, 44),
(160, 44),
(161, 44),
(163, 45),
(166, 45),
(174, 45),
(188, 45),
(190, 45),
(191, 45),
(271, 45),
(272, 45),
(273, 45),
(274, 45),
(275, 45),
(276, 45),
(277, 45),
(278, 45),
(279, 45),
(280, 45),
(281, 45),
(282, 45),
(283, 45),
(284, 45),
(285, 45),
(286, 45),
(287, 45),
(288, 45),
(289, 45),
(290, 45),
(291, 45),
(174, 46),
(253, 46),
(254, 46),
(255, 46),
(256, 46),
(257, 46),
(258, 46),
(259, 46),
(260, 46),
(261, 46),
(262, 46),
(263, 46),
(264, 46),
(271, 46),
(272, 46),
(273, 46),
(274, 46),
(275, 46),
(276, 46),
(277, 46),
(278, 46),
(279, 46),
(280, 46),
(178, 47),
(179, 47),
(180, 47),
(181, 47),
(182, 47),
(183, 47),
(184, 47),
(185, 47),
(314, 47),
(315, 47),
(180, 48),
(181, 48),
(182, 48),
(183, 48),
(184, 48),
(185, 48),
(244, 48),
(245, 48),
(246, 48),
(247, 48),
(248, 48),
(249, 48),
(250, 48),
(251, 48),
(252, 48),
(253, 48),
(254, 48),
(298, 48),
(299, 48),
(300, 48),
(180, 49),
(182, 49),
(185, 49),
(245, 49),
(246, 49),
(247, 49),
(248, 49),
(249, 49),
(250, 49),
(251, 49),
(252, 49),
(265, 49),
(266, 49),
(267, 49),
(268, 49),
(186, 50),
(187, 51),
(188, 51),
(189, 51),
(283, 51),
(289, 51),
(290, 51),
(291, 51),
(187, 52),
(192, 53),
(193, 53),
(194, 53),
(195, 53),
(226, 53),
(227, 53),
(228, 53),
(229, 53),
(230, 53),
(231, 53),
(192, 54),
(193, 54),
(194, 54),
(298, 54),
(192, 55),
(193, 55),
(194, 55),
(298, 55),
(299, 55),
(300, 55),
(301, 55),
(192, 56),
(193, 56),
(194, 56),
(209, 57),
(210, 57),
(211, 57),
(212, 57),
(213, 57),
(214, 57),
(215, 57),
(216, 57),
(217, 57),
(218, 57),
(219, 57),
(220, 57),
(221, 57),
(222, 57),
(223, 57),
(239, 58),
(298, 58),
(299, 58),
(300, 58),
(301, 58),
(311, 58),
(245, 59),
(246, 59),
(247, 59),
(248, 59),
(249, 59),
(250, 59),
(251, 59),
(252, 59),
(265, 59),
(266, 59),
(267, 59),
(268, 59),
(300, 59),
(301, 59),
(245, 60),
(246, 60),
(247, 60),
(248, 60),
(249, 60),
(250, 60),
(251, 60),
(252, 60),
(245, 61),
(246, 61),
(247, 61),
(248, 61),
(249, 61),
(250, 61),
(251, 61),
(252, 61),
(271, 62),
(272, 62),
(273, 62),
(274, 62),
(275, 62),
(276, 62),
(277, 62),
(278, 62),
(279, 62),
(280, 62),
(281, 62),
(271, 63),
(272, 63),
(273, 63),
(274, 63),
(275, 63),
(276, 63),
(277, 63),
(278, 63),
(279, 63),
(280, 63),
(298, 64),
(299, 64),
(300, 64),
(301, 64),
(303, 65),
(306, 66),
(307, 66),
(308, 66),
(306, 67),
(310, 67),
(312, 67),
(313, 67);

-- --------------------------------------------------------

--
-- Struttura della tabella `orders`
--

CREATE TABLE `orders` (
  `id` int NOT NULL,
  `supplier_id` int DEFAULT NULL,
  `order_date` date NOT NULL,
  `order_number` varchar(50) NOT NULL,
  `notes` text,
  `created_at` datetime DEFAULT CURRENT_TIMESTAMP,
  `sent_method` enum('whatsapp','email','pdf') DEFAULT NULL,
  `pdf_filename` varchar(255) DEFAULT NULL,
  `status` enum('pending','confirmed','complete','canceled','suspended') NOT NULL,
  `supplier_name` varchar(255) DEFAULT NULL,
  `supplier_address` text,
  `supplier_phone` varchar(20) DEFAULT NULL,
  `supplier_email` varchar(100) DEFAULT NULL,
  `supplier_vat_number` varchar(50) DEFAULT NULL,
  `supplier_sales_contact` varchar(255) DEFAULT NULL
) ENGINE=InnoDB DEFAULT CHARSET=latin1;

--
-- Dump dei dati per la tabella `orders`
--

INSERT INTO `orders` (`id`, `supplier_id`, `order_date`, `order_number`, `notes`, `created_at`, `sent_method`, `pdf_filename`, `status`, `supplier_name`, `supplier_address`, `supplier_phone`, `supplier_email`, `supplier_vat_number`, `supplier_sales_contact`) VALUES
(3, 1, '2025-05-24', '#21', '', '2025-06-04 07:37:19', 'email', 'order_21_1748111985.pdf', 'canceled', 'Acetificio Mengazzoli snc di Mengazzoli Giorgio e C.', 'Via della Costituzione, 41/43 46010 LEVATA DI CURTATONE (MN)', '0376-47444', 'maxmeucci10@gmail.com', '01693940205', 'Massimiliano Meucci'),
(8, 1, '2025-05-27', '##24', '', '2025-05-28 17:40:57', 'email', 'order_24_1748368088.pdf', 'canceled', 'Acetificio Mengazzoli snc di Mengazzoli Giorgio e C.', 'Via della Costituzione, 41/43 46010 LEVATA DI CURTATONE (MN)', '0376-47444', 'maxmeucci10@gmail.com', '01693940205', 'Massimiliano Meucci'),
(9, 1, '2025-05-27', 'Ty', '', '2025-05-27 18:05:27', 'whatsapp', 'order_Ty_1748369127.pdf', 'pending', 'Acetificio Mengazzoli snc di Mengazzoli Giorgio e C.', 'Via della Costituzione, 41/43 46010 LEVATA DI CURTATONE (MN)', '0376-47444', 'maxmeucci10@gmail.com', '01693940205', 'Massimiliano Meucci'),
(10, 2, '2025-05-27', '#90', 'Prima possibile', '2025-05-27 18:17:25', 'email', 'order_90_1748369845.pdf', 'canceled', NULL, NULL, NULL, NULL, NULL, NULL),
(27, 9, '2025-06-02', 'Fa', '', '2025-06-02 14:40:00', 'email', 'order_Fa_1748875200.pdf', 'pending', 'Antica Torroneria Piemontese', 'Via Piana Gallo,48 - 12060 Grinzane Cavour (CN) ', '0173.239832', '', '', 'Caini Riccardo'),
(28, 14, '2025-06-02', 'Di', '', '2025-06-02 14:40:38', 'email', 'order_Di_1748875238.pdf', 'pending', 'Apicoltura Rossi', 'Via roma', '055789079', 'Tyu@23', '1234567', 'Filippo'),
(29, 8, '2025-06-02', '#23', '', '2025-06-02 16:20:58', 'whatsapp', 'order_23_1748881258.pdf', 'pending', 'Sfizio', NULL, NULL, NULL, NULL, NULL),
(30, 14, '2025-06-02', '#34', '', '2025-06-02 17:34:49', 'email', 'order_34_1748885689.pdf', 'pending', 'Apicoltura Rossi', 'Via roma', '055789079', 'Tyu@23', '1234567', 'Filippo'),
(31, 4, '2025-06-02', '45', '', '2025-06-02 17:38:20', 'email', 'order_45_1748885900.pdf', 'pending', 'Acetaia Giusti', '', '', '', '', ''),
(32, 1, '2025-06-04', '1122112', '11221122', '2025-06-03 07:54:55', 'email', 'order_1122112_1748937296.pdf', 'pending', 'Acetificio Mengazzoli snc di Mengazzoli Giorgio e C.', 'Via della Costituzione, 41/43 46010 LEVATA DI CURTATONE (MN)', '0376-47444', 'maxmeucci10@gmail.com', '01693940205', 'Massimiliano Meucci'),
(33, 14, '2025-06-03', '#46', '', '2025-06-03 12:43:01', 'email', 'order_46_1748954581.pdf', 'pending', 'Apicoltura Rossi', 'Via roma', '055789079', 'Tyu@23', '1234567', 'Filippo'),
(34, 14, '2025-06-03', '56', '', '2025-06-03 12:44:51', 'email', 'order_56_1748954691.pdf', 'pending', 'Apicoltura Rossi', 'Via roma', '055789079', 'Tyu@23', '1234567', 'Filippo'),
(35, 5, '2025-06-03', '#03.06.2025', '', '2025-06-03 14:50:23', 'email', 'order_03062025_1748962224.pdf', 'pending', 'A Ricchigia', 'Via Cardinale De Luca, 115 - 95034 Bronte (CT)', '0957723326', 'amministrazione@aricchigia.com', '05037300877', 'Diretto'),
(36, 5, '2025-06-03', 'Ty', '', '2025-06-03 18:32:56', 'email', 'order_Ty_1748975558.pdf', 'canceled', 'A Ricchigia', 'Via Cardinale De Luca, 115 - 95034 Bronte (CT)', '0957723326', 'amministrazione@aricchigia.com', '05037300877', 'Diretto'),
(37, 9, '2025-06-04', '04.06.2025', 'Urgente', '2025-06-04 07:36:39', 'email', 'order_04062025_1749011823.pdf', 'canceled', 'Antica Torroneria Piemontese', 'Via Piana Gallo,48 - 12060 Grinzane Cavour (CN) ', '0173.239832', '', '', 'Caini Riccardo'),
(38, 9, '2025-06-04', '4', 'Urgente', '2025-06-04 07:36:30', 'email', 'order_4_1749012115.pdf', 'canceled', 'Antica Torroneria Piemontese', 'Via Piana Gallo,48 - 12060 Grinzane Cavour (CN) ', '0173.239832', '', '', 'Caini Riccardo'),
(39, 11, '2025-06-04', 'B&M#04.06.2025', '', '2025-06-04 07:34:45', 'email', 'order_BM04062025_1749019424.pdf', 'complete', 'Baratti & Milano', '', '', '', '', 'Caini Riccardo '),
(40, 9, '2025-06-04', 'ATP#04.06.2025', '', '2025-06-04 07:36:19', 'email', 'order_ATP04062025_1749022475.pdf', 'complete', 'Antica Torroneria Piemontese', 'Via Piana Gallo,48 - 12060 Grinzane Cavour (CN) ', '0173.239832', '', '', 'Caini Riccardo'),
(41, 13, '2025-06-04', 'MP#04.06.2025', 'Urgente', '2025-06-04 14:44:05', 'email', 'order_MP04062025_1749048245.pdf', 'pending', 'SIPAC di Michele Portoghese & C. s.a.s.', 'Via Baldanzese 45 – 50041 Calenzano (FI)', '0558953869', 'info@micheleportoghese.com', '01702040484', 'Diretto'),
(42, 13, '2025-06-04', 'Tg', 'Prov', '2025-06-04 19:31:35', 'email', 'order_Tg_1749065495.pdf', 'pending', 'SIPAC di Michele Portoghese & C. s.a.s.', 'Via Baldanzese 45 – 50041 Calenzano (FI)', '0558953869', 'info@micheleportoghese.com', '01702040484', 'Diretto'),
(43, 13, '2025-06-06', '#06.06.2025', '', '2025-06-06 13:52:27', 'email', 'order_06062025_1749217947.pdf', 'pending', 'SIPAC di Michele Portoghese & C. s.a.s.', 'Via Baldanzese 45 – 50041 Calenzano (FI)', '0558953869', 'info@micheleportoghese.com', '01702040484', 'Diretto'),
(44, 18, '2025-06-17', 'BR#17.06.2025', '', '2025-06-17 08:07:54', 'email', 'order_BR17062025_1750147674.pdf', 'pending', 'Azienda Agricola Brandi', 'San Quirico D’Orcia -SIENA ', '347 4956842', 'info@crocusbrandi.it', '01230410522', 'Diretto'),
(45, 19, '2025-06-18', '#34', '', '2025-06-18 04:33:11', 'email', 'order_34_1750221191.pdf', 'pending', 'Amari SRL', 'VIA GUIDO ROSSA,81/83 59015 CARMIGNANO ( PO )', '055-8719677 Cell: 33', 'ordini@dolciamari.it', '01975180975', 'Massimiliano Meucci'),
(46, 13, '2025-06-23', 'MP#23.06.2025', '', '2025-06-23 08:12:50', 'email', 'order_MP23062025_1750666370.pdf', 'pending', 'SIPAC di Michele Portoghese & C. s.a.s.', 'Via Baldanzese 45 – 50041 Calenzano (FI)', '0558953869', 'info@micheleportoghese.com', '01702040484', 'Diretto'),
(47, 13, '2025-06-23', '123', '', '2025-06-23 18:15:23', 'email', 'order_123_1750702523.pdf', 'pending', 'SIPAC di Michele Portoghese & C. s.a.s.', 'Via Baldanzese 45 – 50041 Calenzano (FI)', '0558953869', 'info@micheleportoghese.com', '01702040484', 'Diretto'),
(48, 9, '2025-07-09', 'AT#09.07.2025', '', '2025-07-09 08:51:33', 'email', 'order_AT09072025_1752051093.pdf', 'pending', 'Antica Torroneria Piemontese', 'Via Piana Gallo,48 - 12060 Grinzane Cavour (CN) ', '0173.239832', '', '', 'Caini Riccardo'),
(49, 9, '2025-07-09', 'AT#09.07.2025', '', '2025-07-09 08:55:39', 'email', 'order_AT09072025_1752051339.pdf', 'pending', 'Antica Torroneria Piemontese', 'Via Piana Gallo,48 - 12060 Grinzane Cavour (CN) ', '0173.239832', '', '', 'Caini Riccardo'),
(50, 11, '2025-07-10', 'BM#10.07.2025', '', '2025-07-10 13:30:38', 'email', 'order_BM10072025_1752154239.pdf', 'pending', 'Baratti & Milano', '', '', '', '', 'Caini Riccardo '),
(51, 13, '2025-07-13', 'MP#13.07.2025', '', '2025-07-13 10:23:33', 'email', 'order_MP13072025_1752402196.pdf', 'complete', 'SIPAC di Michele Portoghese & C. s.a.s.', 'Via Baldanzese 45 – 50041 Calenzano (FI)', '0558953869', 'info@micheleportoghese.com', '01702040484', 'Diretto'),
(52, 13, '2025-07-16', 'MP#16.07.2027', 'Aggiunta all’ordine del 13.07.2025. Grazie', '2025-07-22 04:04:54', 'email', 'order_MP16072027_1752661501.pdf', 'complete', 'SIPAC di Michele Portoghese & C. s.a.s.', 'Via Baldanzese 45 – 50041 Calenzano (FI)', '0558953869', 'info@micheleportoghese.com', '01702040484', 'Diretto'),
(53, 12, '2025-07-19', 'IA#19.07.2025', '', '2025-07-19 06:09:17', 'email', 'order_IA19072025_1752905357.pdf', 'pending', 'Iasa S.r.l.', '', '', '', '', 'Draghi Paola '),
(54, 12, '2025-07-19', 'IA#19.07.2025', '', '2025-07-19 16:37:34', 'email', 'order_IA19072025_1752905638.pdf', 'canceled', 'Iasa S.r.l.', '', '', '', '', 'Draghi Paola '),
(55, 7, '2025-07-19', 'QA#19.07.2025', '', '2025-07-19 06:54:18', 'email', 'order_QA19072025_1752908058.pdf', 'pending', 'INDUSTRIA DOLCIARIA QUARANTA SRL ', 'Via L. Da Vinci, 247 - 24043 CARAVAGGIO (BG)', '0363 53897', 'Info@quaranta.it', '', 'Daniele Micagni Cell. 339 7436494 - danielemicagni@virgilio.it'),
(56, 19, '2025-07-19', 'AM#19.07.2025', 'Ricordati obbligatorio codici a barre su tutti i prodotti.', '2025-07-19 16:16:31', 'email', 'order_AM19072025_1752913464.pdf', 'canceled', 'Amari SRL', 'VIA GUIDO ROSSA,81/83 59015 CARMIGNANO ( PO )', '055-8719677 Cell: 33', 'ordini@dolciamari.it', '01975180975', 'Massimiliano Meucci'),
(57, 12, '2025-07-19', 'IA#19.07.2025', 'Per cortesia attenzione alla scadenza espositore peperoncino piccante in crema / tubetto. Grazie', '2025-07-19 16:37:02', 'email', 'order_IA19072025_1752942735.pdf', 'complete', 'Iasa S.r.l.', '', '', '', '', 'Draghi Paola '),
(58, 19, '2025-07-21', 'AM#21.07.2025', 'PER FAVORE RICORDATI I CODICI A BARRE SU TUTTI I PRODOTTI. GRAZIE', '2025-07-22 04:04:19', 'whatsapp', 'order_AM21072025_1753077923.pdf', 'complete', 'Amari SRL', 'VIA GUIDO ROSSA,81/83 59015 CARMIGNANO ( PO )', '055-8719677 Cell: 33', 'ordini@dolciamari.it', '01975180975', 'Massimiliano Meucci'),
(59, 7, '2025-07-22', 'Rt', '', '2025-07-22 04:19:48', 'email', 'order_Rt_1753157960.pdf', 'canceled', 'INDUSTRIA DOLCIARIA QUARANTA SRL ', 'Via L. Da Vinci, 247 - 24043 CARAVAGGIO (BG)', '0363 53897', 'Info@quaranta.it', '', 'Daniele Micagni Cell. 339 7436494 - danielemicagni@virgilio.it'),
(60, 7, '2025-07-23', 'QU#23.07.2025', '', '2025-07-23 13:35:42', 'email', 'order_QU23072025_1753277742.pdf', 'pending', 'INDUSTRIA DOLCIARIA QUARANTA SRL ', 'Via L. Da Vinci, 247 - 24043 CARAVAGGIO (BG)', '0363 53897', 'Info@quaranta.it', '', 'Daniele Micagni Cell. 339 7436494 - danielemicagni@virgilio.it'),
(61, 13, '2025-07-26', 'MP#26.07.2025', 'Buongiorno, per favore dove possibile pacchi trasparenti. Pici a volontà. ', '2025-07-26 08:38:03', 'email', 'order_MP26072025_1753519083.pdf', 'pending', 'SIPAC di Michele Portoghese & C. s.a.s.', 'Via Baldanzese 45 – 50041 Calenzano (FI)', '0558953869', 'info@micheleportoghese.com', '01702040484', 'Diretto'),
(62, 7, '2025-07-31', 'QU#31.07.2025', '', '2025-08-19 15:26:39', 'email', 'order_QU31072025_1755610000.pdf', 'canceled', 'INDUSTRIA DOLCIARIA QUARANTA SRL ', 'Via L. Da Vinci, 247 - 24043 CARAVAGGIO (BG)', '0363 53897', 'Info@quaranta.it', '678975445', 'Uujjj'),
(63, 19, '2025-08-19', 'AM#19.08.2025', 'Ordine prefestivo', '2025-09-21 15:30:20', 'email', 'order_AM19082025_1758461421.pdf', 'pending', 'Amari SRL', 'VIA GUIDO ROSSA,81/83 59015 CARMIGNANO ( PO )', '055-8719677', 'ordini@dolciamari.it', '01975180975', 'Massimiliano Meucci'),
(64, 19, '2025-08-20', 'Era', 'Dab', '2025-08-20 05:51:59', 'email', 'order_Era_1755661919.pdf', 'pending', 'Amari SRL', 'VIA GUIDO ROSSA,81/83 59015 CARMIGNANO ( PO )', '055-8719677', 'ordini@dolciamari.it', '01975180975', 'Massimiliano Meucci'),
(65, 19, '2025-08-20', 'BGT', 'Tag', '2025-09-23 15:42:53', 'email', 'order_BGT_1758634973.pdf', 'confirmed', 'Amari SRL', 'VIA GUIDO ROSSA,81/83 59015 CARMIGNANO ( PO )', '055-8719677', 'ordini@dolciamari.it', '01975180975', 'Massimiliano Meucci'),
(66, 4, '2025-09-21', 'AG#21.09.2025', '', '2025-09-21 08:19:38', 'whatsapp', 'order_AG21092025_1758435579.pdf', 'pending', 'Acetaia Giusti', '', '', NULL, '', ''),
(67, 19, '2025-09-23', 'Rt', '', '2025-09-23 15:36:39', 'email', 'order_Rt_1758634600.pdf', 'pending', 'Amari SRL', 'VIA GUIDO ROSSA,81/83 59015 CARMIGNANO ( PO )', '055-8719677', 'ordini@dolciamari.it', '01975180975', 'Massimiliano Meucci'),
(68, 5, '2025-09-23', 'Er', '', '2025-09-23 15:37:00', 'email', 'order_Er_1758634620.pdf', 'pending', 'A Ricchigia', 'Via Cardinale De Luca, 115 - 95034 Bronte (CT)', '0957723326', '', '05037300877', 'Diretto'),
(69, 5, '2025-09-23', 'AR#23.09.2025', '', '2025-09-23 17:30:18', 'email', 'order_AR23092025_1758641418.pdf', 'pending', 'A Ricchigia', 'Via Cardinale De Luca, 115 - 95034 Bronte (CT)', '0957723326', '', '05037300877', 'Diretto'),
(70, 4, '2025-09-23', 'QWE', '', '2025-09-23 17:37:45', 'email', 'order_QWE_1758641866.pdf', 'pending', 'Acetaia Giusti', '', '', NULL, '', ''),
(71, 19, '2025-09-24', 'Rt', '', '2025-09-24 05:48:33', 'email', 'order_Rt_1758685713.pdf', 'pending', 'Amari SRL', 'VIA GUIDO ROSSA,81/83 59015 CARMIGNANO ( PO )', '055-8719677', 'ordini@dolciamari.it', '01975180975', 'Massimiliano Meucci'),
(72, 7, '2025-09-24', 'QR#24.09.2025', '', '2025-09-24 08:39:59', 'email', 'order_QR24092025_1758696000.pdf', 'pending', 'INDUSTRIA DOLCIARIA QUARANTA SRL ', 'Via L. Da Vinci, 247 - 24043 CARAVAGGIO (BG)', '0363 53897', NULL, '', 'Daniele Micagni Cell. 339 7436494 - danielemicagni@virgilio.it'),
(73, 11, '2025-10-01', 'BM#01.10.2025', '', '2025-10-01 15:31:33', 'email', 'order_BM01102025_1759325493.pdf', 'pending', 'Baratti & Milano', '', '', NULL, '', 'Caini Riccardo '),
(74, 13, '2025-10-01', 'MP#01.10.2025', '', '2025-10-01 13:28:21', 'email', 'order_MP01102025_1759318101.pdf', 'pending', 'SIPAC di Michele Portoghese & C. s.a.s.', 'Via Baldanzese 45 – 50041 Calenzano (FI)', '0558953869', NULL, '01702040484', 'Diretto'),
(75, 5, '2025-10-03', 'Gym', '', '2025-10-03 19:35:18', 'email', 'order_Gym_1759512919.pdf', 'pending', 'A Ricchigia', 'Via Cardinale De Luca, 115 - 95034 Bronte (CT)', '0957723326', '', '05037300877', 'Diretto');

-- --------------------------------------------------------

--
-- Struttura della tabella `order_items`
--

CREATE TABLE `order_items` (
  `id` int NOT NULL,
  `order_id` int NOT NULL,
  `item_id` int NOT NULL,
  `box_requested` int NOT NULL
) ENGINE=InnoDB DEFAULT CHARSET=latin1;

--
-- Dump dei dati per la tabella `order_items`
--

INSERT INTO `order_items` (`id`, `order_id`, `item_id`, `box_requested`) VALUES
(1, 3, 1, 4),
(4, 8, 1, 2),
(5, 9, 1, 20),
(6, 10, 2, 6),
(21, 28, 249, 1),
(22, 28, 246, 1),
(23, 28, 248, 1),
(24, 28, 245, 1),
(25, 28, 250, 2),
(26, 28, 252, 1),
(27, 28, 247, 1),
(28, 28, 251, 1),
(29, 28, 260, 1),
(30, 28, 256, 1),
(31, 28, 254, 1),
(32, 28, 261, 1),
(33, 28, 264, 1),
(34, 28, 257, 1),
(35, 28, 263, 1),
(36, 28, 255, 1),
(37, 28, 253, 1),
(38, 28, 259, 1),
(39, 28, 258, 1),
(40, 28, 262, 1),
(41, 29, 57, 1),
(42, 29, 55, 1),
(43, 29, 56, 1),
(44, 30, 249, 1),
(45, 30, 246, 1),
(46, 30, 250, 1),
(47, 30, 252, 5),
(48, 30, 247, 4),
(49, 31, 5, 1),
(50, 31, 26, 1),
(51, 31, 42, 1),
(52, 31, 31, 1),
(53, 31, 30, 1),
(54, 31, 32, 1),
(55, 31, 40, 1),
(56, 31, 38, 1),
(57, 32, 1, 2),
(58, 33, 249, 1),
(59, 33, 246, 1),
(60, 33, 248, 1),
(61, 33, 250, 1),
(62, 33, 251, 1),
(63, 34, 263, 1),
(64, 34, 253, 2),
(65, 34, 259, 1),
(66, 34, 258, 1),
(67, 34, 262, 1),
(68, 35, 69, 1),
(69, 35, 8, 1),
(70, 35, 67, 1),
(71, 35, 68, 1),
(72, 35, 7, 1),
(73, 35, 6, 1),
(74, 35, 71, 1),
(75, 36, 8, 1),
(76, 36, 68, 1),
(77, 36, 7, 1),
(78, 36, 6, 1),
(79, 36, 71, 1),
(80, 37, 72, 1),
(81, 37, 74, 1),
(82, 37, 75, 1),
(83, 37, 73, 1),
(84, 37, 76, 1),
(85, 38, 72, 1),
(86, 38, 83, 1),
(87, 38, 82, 1),
(88, 38, 78, 1),
(89, 38, 77, 2),
(90, 38, 74, 1),
(91, 38, 75, 1),
(92, 38, 73, 1),
(93, 38, 76, 1),
(94, 39, 315, 1),
(95, 39, 174, 2),
(96, 39, 167, 2),
(97, 39, 161, 2),
(98, 39, 160, 2),
(99, 39, 171, 2),
(100, 39, 170, 3),
(101, 39, 158, 3),
(102, 39, 163, 3),
(103, 40, 77, 2),
(104, 40, 74, 6),
(105, 40, 73, 6),
(106, 40, 76, 6),
(107, 41, 203, 1),
(108, 41, 206, 1),
(109, 41, 215, 1),
(110, 41, 205, 1),
(111, 42, 203, 1),
(112, 42, 212, 1),
(113, 42, 206, 1),
(114, 42, 205, 1),
(115, 42, 224, 1),
(116, 42, 209, 1),
(117, 42, 222, 1),
(118, 42, 220, 1),
(119, 42, 204, 1),
(120, 42, 208, 1),
(121, 43, 203, 1),
(122, 43, 214, 1),
(123, 43, 216, 1),
(124, 43, 212, 1),
(125, 43, 206, 1),
(126, 43, 200, 1),
(127, 43, 215, 2),
(128, 43, 217, 1),
(129, 43, 209, 1),
(130, 43, 201, 2),
(131, 43, 219, 2),
(132, 43, 218, 1),
(133, 43, 199, 1),
(134, 43, 213, 1),
(135, 43, 211, 1),
(136, 43, 208, 1),
(137, 43, 207, 1),
(138, 43, 221, 1),
(139, 43, 202, 1),
(140, 44, 337, 30),
(141, 44, 336, 30),
(142, 45, 360, 1),
(143, 45, 359, 1),
(144, 45, 341, 1),
(145, 45, 342, 1),
(146, 45, 343, 1),
(147, 45, 344, 1),
(148, 45, 340, 1),
(149, 45, 346, 1),
(150, 45, 345, 1),
(151, 45, 338, 1),
(152, 45, 339, 1),
(153, 45, 355, 1),
(154, 45, 354, 1),
(155, 45, 353, 1),
(156, 45, 351, 1),
(157, 45, 352, 1),
(158, 45, 364, 1),
(159, 45, 365, 1),
(160, 45, 362, 1),
(161, 45, 363, 1),
(162, 45, 361, 1),
(163, 45, 347, 1),
(164, 45, 357, 1),
(165, 45, 356, 1),
(166, 45, 358, 1),
(167, 45, 348, 1),
(168, 45, 349, 1),
(169, 45, 350, 1),
(170, 46, 203, 1),
(171, 46, 216, 1),
(172, 46, 212, 1),
(173, 46, 215, 2),
(174, 46, 224, 1),
(175, 46, 209, 1),
(176, 46, 201, 2),
(177, 46, 219, 1),
(178, 46, 218, 1),
(179, 46, 199, 2),
(180, 46, 213, 1),
(181, 46, 211, 2),
(182, 46, 220, 1),
(183, 46, 204, 1),
(184, 46, 208, 1),
(185, 46, 207, 1),
(186, 46, 221, 1),
(187, 46, 210, 1),
(188, 46, 202, 1),
(189, 47, 203, 1),
(190, 47, 216, 1),
(191, 47, 206, 1),
(192, 47, 200, 2),
(193, 47, 222, 4),
(194, 47, 318, 1),
(195, 48, 77, 1),
(196, 48, 74, 2),
(197, 48, 73, 4),
(198, 48, 76, 2),
(199, 49, 77, 2),
(200, 49, 74, 3),
(201, 49, 73, 4),
(202, 49, 76, 2),
(203, 50, 190, 6),
(204, 50, 191, 4),
(205, 50, 315, 1),
(206, 50, 185, 1),
(207, 50, 183, 1),
(208, 50, 181, 2),
(209, 50, 178, 4),
(210, 50, 179, 5),
(211, 50, 180, 4),
(212, 51, 214, 2),
(213, 51, 216, 1),
(214, 51, 206, 1),
(215, 51, 200, 2),
(216, 51, 217, 1),
(217, 51, 201, 1),
(218, 51, 222, 1),
(219, 51, 367, 1),
(220, 51, 218, 1),
(221, 51, 199, 1),
(222, 51, 204, 1),
(223, 51, 208, 1),
(224, 51, 207, 1),
(225, 51, 221, 1),
(226, 51, 202, 2),
(227, 52, 203, 1),
(228, 52, 212, 1),
(229, 52, 201, 2),
(230, 52, 219, 1),
(231, 52, 199, 1),
(232, 52, 210, 1),
(233, 54, 193, 5),
(234, 54, 194, 4),
(235, 54, 192, 1),
(236, 54, 195, 3),
(237, 55, 244, 3),
(238, 55, 11, 6),
(239, 55, 104, 1),
(240, 55, 108, 1),
(241, 55, 107, 1),
(242, 55, 105, 1),
(243, 55, 106, 1),
(244, 55, 91, 1),
(245, 55, 89, 1),
(246, 55, 90, 1),
(247, 55, 84, 1),
(248, 55, 12, 1),
(249, 55, 87, 1),
(250, 55, 88, 3),
(251, 55, 85, 1),
(252, 55, 109, 1),
(253, 55, 103, 1),
(254, 55, 97, 1),
(255, 55, 98, 1),
(256, 55, 101, 2),
(257, 55, 96, 2),
(258, 56, 346, 2),
(259, 56, 345, 2),
(260, 56, 338, 3),
(261, 56, 339, 2),
(262, 56, 355, 1),
(263, 56, 354, 1),
(264, 56, 353, 2),
(265, 56, 351, 1),
(266, 56, 352, 2),
(267, 56, 347, 2),
(268, 56, 357, 1),
(269, 56, 356, 1),
(270, 56, 358, 1),
(271, 56, 349, 1),
(272, 57, 192, 1),
(273, 57, 195, 3),
(274, 57, 193, 5),
(275, 57, 194, 4),
(276, 58, 360, 1),
(277, 58, 359, 2),
(278, 58, 341, 1),
(279, 58, 343, 1),
(280, 58, 344, 1),
(281, 58, 340, 1),
(282, 58, 346, 3),
(283, 58, 345, 3),
(284, 58, 338, 4),
(285, 58, 339, 2),
(286, 58, 355, 1),
(287, 58, 354, 1),
(288, 58, 353, 2),
(289, 58, 351, 1),
(290, 58, 352, 2),
(291, 58, 347, 3),
(292, 58, 357, 2),
(293, 58, 356, 2),
(294, 58, 358, 2),
(295, 58, 348, 1),
(296, 58, 349, 1),
(297, 58, 350, 2),
(298, 59, 244, 1),
(299, 59, 94, 1),
(300, 59, 95, 1),
(301, 59, 105, 1),
(302, 59, 333, 1),
(303, 60, 244, 3),
(304, 60, 11, 6),
(305, 60, 104, 1),
(306, 60, 108, 1),
(307, 60, 107, 1),
(308, 60, 105, 1),
(309, 60, 106, 1),
(310, 60, 91, 1),
(311, 60, 89, 1),
(312, 60, 90, 1),
(313, 60, 84, 1),
(314, 60, 12, 1),
(315, 60, 370, 1),
(316, 60, 369, 1),
(317, 60, 87, 1),
(318, 60, 88, 3),
(319, 60, 85, 1),
(320, 60, 109, 2),
(321, 60, 103, 1),
(322, 60, 97, 1),
(323, 60, 368, 2),
(324, 60, 98, 1),
(325, 60, 101, 2),
(326, 60, 96, 2),
(327, 61, 203, 2),
(328, 61, 214, 1),
(329, 61, 216, 2),
(330, 61, 212, 1),
(331, 61, 206, 2),
(332, 61, 200, 1),
(333, 61, 215, 2),
(334, 61, 224, 2),
(335, 61, 217, 1),
(336, 61, 209, 1),
(337, 61, 201, 3),
(338, 61, 222, 1),
(339, 61, 367, 2),
(340, 61, 219, 2),
(341, 61, 218, 2),
(342, 61, 199, 2),
(343, 61, 213, 1),
(344, 61, 318, 10),
(345, 61, 366, 1),
(346, 61, 211, 1),
(347, 61, 220, 1),
(348, 61, 204, 1),
(349, 61, 208, 1),
(350, 61, 207, 2),
(351, 61, 221, 2),
(352, 61, 202, 1),
(361, 62, 11, 6),
(362, 62, 12, 1),
(363, 62, 89, 1),
(364, 62, 109, 2),
(365, 62, 244, 3),
(366, 62, 368, 2),
(367, 62, 369, 1),
(368, 62, 370, 1),
(421, 66, 5, 1),
(422, 66, 14, 1),
(423, 66, 13, 1),
(424, 66, 22, 1),
(425, 66, 20, 1),
(426, 66, 25, 1),
(427, 66, 42, 1),
(428, 66, 31, 3),
(429, 66, 32, 3),
(430, 66, 39, 3),
(431, 66, 33, 2),
(432, 66, 35, 2),
(433, 66, 44, 2),
(434, 66, 48, 2),
(435, 66, 53, 2),
(436, 66, 51, 2),
(437, 66, 319, 1),
(438, 66, 316, 1),
(439, 66, 321, 2),
(440, 66, 320, 1),
(441, 63, 338, 1),
(442, 63, 339, 1),
(443, 63, 340, 1),
(444, 63, 346, 2),
(445, 63, 347, 1),
(446, 63, 351, 1),
(447, 63, 352, 1),
(448, 63, 353, 1),
(449, 63, 354, 1),
(450, 63, 355, 1),
(451, 63, 356, 1),
(452, 63, 357, 1),
(453, 63, 358, 1),
(454, 63, 359, 1),
(455, 63, 360, 1),
(456, 63, 361, 1),
(457, 63, 362, 1),
(458, 63, 363, 1),
(459, 63, 364, 1),
(460, 63, 365, 1),
(461, 68, 69, 1),
(462, 68, 8, 1),
(463, 68, 67, 1),
(464, 68, 7, 1),
(465, 68, 6, 1),
(466, 68, 71, 1),
(472, 65, 341, 3),
(473, 65, 344, 1),
(474, 65, 345, 1),
(475, 65, 359, 1),
(476, 65, 360, 1),
(477, 65, 365, 1),
(478, 69, 69, 1),
(479, 69, 8, 1),
(480, 69, 67, 1),
(481, 69, 68, 1),
(482, 69, 70, 1),
(483, 70, 344, 1),
(484, 70, 340, 1),
(485, 70, 346, 1),
(486, 70, 345, 1),
(487, 70, 338, 1),
(488, 71, 337, 1),
(489, 71, 335, 1),
(490, 71, 336, 1),
(491, 72, 244, 2),
(492, 72, 94, 1),
(493, 72, 93, 1),
(494, 72, 95, 1),
(495, 72, 104, 1),
(496, 72, 107, 1),
(497, 72, 105, 1),
(498, 72, 91, 1),
(499, 72, 12, 1),
(500, 72, 370, 1),
(501, 72, 369, 1),
(502, 72, 87, 2),
(503, 72, 88, 3),
(504, 72, 85, 1),
(505, 72, 109, 3),
(506, 72, 97, 1),
(507, 72, 368, 2),
(508, 72, 100, 1),
(509, 72, 101, 3),
(510, 72, 96, 1),
(530, 74, 203, 1),
(531, 74, 216, 1),
(532, 74, 212, 1),
(533, 74, 200, 2),
(534, 74, 215, 1),
(535, 74, 205, 1),
(536, 74, 224, 1),
(537, 74, 217, 1),
(538, 74, 209, 1),
(539, 74, 201, 3),
(540, 74, 222, 1),
(541, 74, 367, 1),
(542, 74, 219, 1),
(543, 74, 218, 1),
(544, 74, 199, 2),
(545, 74, 223, 1),
(546, 74, 213, 1),
(547, 74, 318, 5),
(548, 74, 366, 1),
(549, 74, 211, 1),
(550, 74, 220, 1),
(551, 74, 202, 2),
(552, 73, 157, 2),
(553, 73, 159, 1),
(554, 73, 160, 1),
(555, 73, 162, 2),
(556, 73, 163, 2),
(557, 73, 164, 1),
(558, 73, 165, 2),
(559, 73, 166, 2),
(560, 73, 167, 2),
(561, 73, 168, 2),
(562, 73, 169, 2),
(563, 73, 171, 3),
(564, 73, 173, 2),
(565, 73, 174, 1),
(566, 73, 178, 3),
(567, 73, 179, 2),
(568, 73, 181, 2),
(569, 73, 183, 1),
(570, 73, 185, 1),
(571, 73, 314, 1),
(572, 73, 315, 1),
(580, 75, 6, 1),
(581, 75, 7, 1),
(582, 75, 8, 1),
(583, 75, 67, 1),
(584, 75, 68, 1),
(585, 75, 69, 1),
(586, 75, 71, 1);

-- --------------------------------------------------------

--
-- Struttura della tabella `suppliers`
--

CREATE TABLE `suppliers` (
  `id` int NOT NULL,
  `name` varchar(100) NOT NULL,
  `address` varchar(255) DEFAULT NULL,
  `phone` varchar(20) DEFAULT NULL,
  `email` varchar(100) DEFAULT NULL,
  `vat_number` varchar(50) DEFAULT NULL,
  `sales_contact` varchar(100) DEFAULT NULL,
  `agent_telphone` varchar(20) DEFAULT NULL,
  `sdi` varchar(50) DEFAULT NULL,
  `iban` text,
  `supplier_email` varchar(255) DEFAULT NULL,
  `supplier_email_pec` varchar(255) DEFAULT NULL,
  `supplier_cell` varchar(20) DEFAULT NULL,
  `supplier_responsible` varchar(255) DEFAULT NULL,
  `payment` varchar(255) DEFAULT NULL,
  `brand` varchar(255) DEFAULT NULL,
  `agency_address` varchar(255) DEFAULT NULL,
  `agency_telephone` varchar(255) DEFAULT NULL,
  `agency_mobile` varchar(50) DEFAULT NULL,
  `agency_address_1` varchar(50) DEFAULT NULL,
  `agency_address_2` varchar(50) DEFAULT NULL,
  `agency_agent` varchar(255) DEFAULT NULL,
  `agency_email` varchar(255) DEFAULT NULL,
  `agency_pec` varchar(255) DEFAULT NULL,
  `agency_vat` varchar(255) DEFAULT NULL,
  `agency_iban` varchar(255) DEFAULT NULL,
  `agency_sdi` varchar(255) DEFAULT NULL,
  `agency_payment` varchar(255) DEFAULT NULL
) ENGINE=InnoDB DEFAULT CHARSET=latin1;

--
-- Dump dei dati per la tabella `suppliers`
--

INSERT INTO `suppliers` (`id`, `name`, `address`, `phone`, `email`, `vat_number`, `sales_contact`, `agent_telphone`, `sdi`, `iban`, `supplier_email`, `supplier_email_pec`, `supplier_cell`, `supplier_responsible`, `payment`, `brand`, `agency_address`, `agency_telephone`, `agency_mobile`, `agency_address_1`, `agency_address_2`, `agency_agent`, `agency_email`, `agency_pec`, `agency_vat`, `agency_iban`, `agency_sdi`, `agency_payment`) VALUES
(1, 'Acetificio Mengazzoli snc di Mengazzoli Giorgio e C.', 'Via della Costituzione, 41/43 46010 LEVATA DI CURTATONE (MN)', '0376-47444', 'maxmeucci10@gmail.com', '01693940205', 'Massimiliano Meucci', NULL, NULL, NULL, NULL, NULL, NULL, NULL, NULL, NULL, NULL, NULL, NULL, NULL, NULL, NULL, NULL, NULL, NULL, NULL, NULL, NULL),
(4, 'Acetaia Giusti', '', '', '', '', '', NULL, NULL, NULL, NULL, NULL, NULL, NULL, NULL, NULL, NULL, NULL, NULL, NULL, NULL, NULL, NULL, NULL, NULL, NULL, NULL, NULL),
(5, 'A Ricchigia', 'Via Cardinale De Luca, 115 - 95034 Bronte (CT)', '0957723326', 'amministrazione@aricchigia.com', '05037300877', 'Diretto', '1', '7890', 'IT167289282', '', '', '', '', '', NULL, NULL, NULL, NULL, NULL, NULL, NULL, NULL, NULL, NULL, NULL, NULL, NULL),
(6, 'Gemignani Tartufi', NULL, NULL, NULL, NULL, NULL, NULL, NULL, NULL, NULL, NULL, NULL, NULL, NULL, NULL, NULL, NULL, NULL, NULL, NULL, NULL, NULL, NULL, NULL, NULL, NULL, NULL),
(7, 'INDUSTRIA DOLCIARIA QUARANTA SRL ', 'Via L. Da Vinci, 247 - 24043 CARAVAGGIO (BG)', '0363 53897', 'Info@quaranta.it', '', 'Daniele Micagni Cell. 339 7436494 - danielemicagni@virgilio.it', NULL, NULL, NULL, NULL, NULL, NULL, NULL, NULL, NULL, NULL, NULL, NULL, NULL, NULL, NULL, NULL, NULL, NULL, NULL, NULL, NULL),
(8, 'Sfizio', NULL, NULL, NULL, NULL, NULL, NULL, NULL, NULL, NULL, NULL, NULL, NULL, NULL, NULL, NULL, NULL, NULL, NULL, NULL, NULL, NULL, NULL, NULL, NULL, NULL, NULL),
(9, 'Antica Torroneria Piemontese', 'Via Piana Gallo,48 - 12060 Grinzane Cavour (CN) ', '0173.239832', '', '', 'Caini Riccardo', NULL, NULL, NULL, NULL, NULL, NULL, NULL, NULL, NULL, NULL, NULL, NULL, NULL, NULL, NULL, NULL, NULL, NULL, NULL, NULL, NULL),
(10, 'Filotea', NULL, NULL, NULL, NULL, NULL, NULL, NULL, NULL, NULL, NULL, NULL, NULL, NULL, NULL, NULL, NULL, NULL, NULL, NULL, NULL, NULL, NULL, NULL, NULL, NULL, NULL),
(11, 'Baratti & Milano', '', '', '', '', 'Caini Riccardo ', NULL, NULL, NULL, NULL, NULL, NULL, NULL, NULL, NULL, NULL, NULL, NULL, NULL, NULL, NULL, NULL, NULL, NULL, NULL, NULL, NULL),
(12, 'Iasa S.r.l.', '', '', '', '', 'Draghi Paola ', NULL, NULL, NULL, NULL, NULL, NULL, NULL, NULL, NULL, NULL, NULL, NULL, NULL, NULL, NULL, NULL, NULL, NULL, NULL, NULL, NULL),
(13, 'SIPAC di Michele Portoghese & C. s.a.s.', 'Via Baldanzese 45 – 50041 Calenzano (FI)', '0558953869', 'info@micheleportoghese.com', '01702040484', 'Diretto', NULL, NULL, NULL, NULL, NULL, NULL, NULL, NULL, NULL, NULL, NULL, NULL, NULL, NULL, NULL, NULL, NULL, NULL, NULL, NULL, NULL),
(14, 'Apicoltura Rossi', 'Via roma', '055789079', 'Tyu@23', '1234567', 'Filippo', NULL, NULL, NULL, NULL, NULL, NULL, NULL, NULL, NULL, NULL, NULL, NULL, NULL, NULL, NULL, NULL, NULL, NULL, NULL, NULL, NULL),
(15, 'Mengazzoli', NULL, NULL, NULL, NULL, NULL, NULL, NULL, NULL, NULL, NULL, NULL, NULL, NULL, NULL, NULL, NULL, NULL, NULL, NULL, NULL, NULL, NULL, NULL, NULL, NULL, NULL),
(16, 'Le Logge', NULL, NULL, NULL, NULL, NULL, NULL, NULL, NULL, NULL, NULL, NULL, NULL, NULL, NULL, NULL, NULL, NULL, NULL, NULL, NULL, NULL, NULL, NULL, NULL, NULL, NULL),
(17, 'La Dispensa Toscana', NULL, NULL, NULL, NULL, NULL, NULL, NULL, NULL, NULL, NULL, NULL, NULL, NULL, NULL, NULL, NULL, NULL, NULL, NULL, NULL, NULL, NULL, NULL, NULL, NULL, NULL),
(18, 'Azienda Agricola Brandi', 'San Quirico D’Orcia -SIENA ', '347 4956842', 'info@crocusbrandi.it', '01230410522', 'Diretto', NULL, NULL, NULL, NULL, NULL, NULL, NULL, NULL, NULL, NULL, NULL, NULL, NULL, NULL, NULL, NULL, NULL, NULL, NULL, NULL, NULL),
(19, 'Amari SRL', 'VIA GUIDO ROSSA,81/83 59015 CARMIGNANO ( PO )', '055-8719677', 'ordini@dolciamari.it', '01975180975', 'Massimiliano Meucci', '3295721128', 'M5UXCR1', 'IT 09 V 08673 37780 070100004370', 'ordini@dolciamari.it', '', '', 'Massimiliano Meucci', 'Bonifico Anticipato ', NULL, NULL, NULL, NULL, NULL, NULL, NULL, NULL, NULL, NULL, NULL, NULL, NULL),
(20, 'Sottovuoto', '', '', '', '', 'Stefano', NULL, NULL, NULL, NULL, NULL, NULL, NULL, NULL, NULL, NULL, NULL, NULL, NULL, NULL, NULL, NULL, NULL, NULL, NULL, NULL, NULL),
(21, 'Test', 'Test', '132142234', 'test@gmail.com', 'TEst325345', 'Test Shrey', '978797867', 'ettr', 'grer5656', '6u665', 'test@gmail.com', '987979676', '658768767', '', NULL, NULL, NULL, NULL, NULL, NULL, NULL, NULL, NULL, NULL, NULL, NULL, NULL);

-- --------------------------------------------------------

--
-- Struttura della tabella `users`
--

CREATE TABLE `users` (
  `id` int NOT NULL,
  `username` varchar(50) NOT NULL,
  `password` varchar(255) NOT NULL
) ENGINE=InnoDB DEFAULT CHARSET=latin1;

--
-- Dump dei dati per la tabella `users`
--

INSERT INTO `users` (`id`, `username`, `password`) VALUES
(2, 'filippo-lbg', '$2y$10$j60rQduUHptNU9CWVUkzse3LwLAZUjilBjbkbXFLTkIWJigkA6Ks6'),
(3, 'Shrey', '$2y$10$yGjRry8me/Nt0imanXixdORYhg3W3DOwmAXmhFstn0HOB8gsRTYF6');

--
-- Indici per le tabelle scaricate
--

--
-- Indici per le tabelle `brands`
--
ALTER TABLE `brands`
  ADD PRIMARY KEY (`id`);

--
-- Indici per le tabelle `categories`
--
ALTER TABLE `categories`
  ADD PRIMARY KEY (`id`),
  ADD UNIQUE KEY `name` (`name`),
  ADD UNIQUE KEY `name_2` (`name`);

--
-- Indici per le tabelle `contact_details`
--
ALTER TABLE `contact_details`
  ADD PRIMARY KEY (`id`);

--
-- Indici per le tabelle `items`
--
ALTER TABLE `items`
  ADD PRIMARY KEY (`id`),
  ADD KEY `supplier_id` (`supplier_id`);

--
-- Indici per le tabelle `item_categories`
--
ALTER TABLE `item_categories`
  ADD PRIMARY KEY (`item_id`,`category_id`),
  ADD KEY `category_id` (`category_id`);

--
-- Indici per le tabelle `orders`
--
ALTER TABLE `orders`
  ADD PRIMARY KEY (`id`),
  ADD KEY `supplier_id` (`supplier_id`);

--
-- Indici per le tabelle `order_items`
--
ALTER TABLE `order_items`
  ADD PRIMARY KEY (`id`),
  ADD KEY `order_id` (`order_id`),
  ADD KEY `fk_order_items_item` (`item_id`);

--
-- Indici per le tabelle `suppliers`
--
ALTER TABLE `suppliers`
  ADD PRIMARY KEY (`id`),
  ADD UNIQUE KEY `name` (`name`);

--
-- Indici per le tabelle `users`
--
ALTER TABLE `users`
  ADD PRIMARY KEY (`id`),
  ADD UNIQUE KEY `username` (`username`);

--
-- AUTO_INCREMENT per le tabelle scaricate
--

--
-- AUTO_INCREMENT per la tabella `brands`
--
ALTER TABLE `brands`
  MODIFY `id` int NOT NULL AUTO_INCREMENT, AUTO_INCREMENT=18;

--
-- AUTO_INCREMENT per la tabella `categories`
--
ALTER TABLE `categories`
  MODIFY `id` int NOT NULL AUTO_INCREMENT, AUTO_INCREMENT=68;

--
-- AUTO_INCREMENT per la tabella `contact_details`
--
ALTER TABLE `contact_details`
  MODIFY `id` int NOT NULL AUTO_INCREMENT, AUTO_INCREMENT=2;

--
-- AUTO_INCREMENT per la tabella `items`
--
ALTER TABLE `items`
  MODIFY `id` int NOT NULL AUTO_INCREMENT, AUTO_INCREMENT=373;

--
-- AUTO_INCREMENT per la tabella `orders`
--
ALTER TABLE `orders`
  MODIFY `id` int NOT NULL AUTO_INCREMENT, AUTO_INCREMENT=76;

--
-- AUTO_INCREMENT per la tabella `order_items`
--
ALTER TABLE `order_items`
  MODIFY `id` int NOT NULL AUTO_INCREMENT, AUTO_INCREMENT=587;

--
-- AUTO_INCREMENT per la tabella `suppliers`
--
ALTER TABLE `suppliers`
  MODIFY `id` int NOT NULL AUTO_INCREMENT, AUTO_INCREMENT=23;

--
-- AUTO_INCREMENT per la tabella `users`
--
ALTER TABLE `users`
  MODIFY `id` int NOT NULL AUTO_INCREMENT, AUTO_INCREMENT=4;

--
-- Limiti per le tabelle scaricate
--

--
-- Limiti per la tabella `items`
--
ALTER TABLE `items`
  ADD CONSTRAINT `items_ibfk_1` FOREIGN KEY (`supplier_id`) REFERENCES `suppliers` (`id`);
COMMIT;

/*!40101 SET CHARACTER_SET_CLIENT=@OLD_CHARACTER_SET_CLIENT */;
/*!40101 SET CHARACTER_SET_RESULTS=@OLD_CHARACTER_SET_RESULTS */;
/*!40101 SET COLLATION_CONNECTION=@OLD_COLLATION_CONNECTION */;
